250180460,ADAMOWICE,95414,51.94225,20.45963
254230010,ALEKSANDRÓWKA,91908,51.19066,18.6592
250190430,ALWERNIA,95506,50.094818,19.526965
250210030,ANNOPOL,95751,50.57587,28.86931
249199978,ANTAŁÓWKA,6522,49.2939,19.966572
253229988,AUGUSTÓW,92838,53.845199,22.976711
252189994,BABIAK,93420,52.349501,18.689911
253210080,BABIĘTA,92730,53.6737,21.2582
252159995,BABIMOST,3150,52.157698,15.774791
252150270,BABIMOST,3152,52.157698,15.774791
252150270,BABIMOST,93152,52.157698,15.774791
250170410,BABORÓW,95418,50.119082,17.992786
252179996,BACHORZEW,93301,51.99503,17.56113
253220260,BACIUTY,92803,53.05407,22.98342
253220350,BACZE SUCHE,92854,53.06804,22.11501
254220080,BAKAŁARZEWO,91804,54.09398,22.65218
250209983,BALICE,95632,18.35861,-73.73444
249220170,BALIGRÓD-MCHAWA,6808,49.330483,22.28758
253199991,BAŁOSZYCE,92532,53.67444,19.28169
254220060,BANIE MAZURSKIE,91813,54.245605,22.043496
249190620,BAŃSKA WYŻNA,96510,49.4,20.0
251189997,BARANÓW,94412,51.238275,17.975431
250210150,BARANÓW SANDOMIERSKI,95733,50.462418,21.60216
250210070,BARANÓWEK,95754,50.77539,21.2491
254210010,BARCIANY,91708,54.21993,21.35347
252179999,BARCIN,93355,52.855878,17.942547
250160410,BARDO ŚLĄSKIE,95223,50.506473,16.736173
253159992,BARLINEK,92101,52.997583,15.211757
253229994,BARSZCZOWA GÓRA,92843,53.96865,22.97199
250200010,BARTKÓW,95653,51.51429,16.77274
249210170,BARTNE,96717,49.55879,21.34309
251210090,BARTODZIEJE,94723,51.11667,19.46667
254200040,BARTOSZYCE,91613,54.252916,20.811096
252190080,BARUCHOWO,93524,52.489331,19.29498
253160050,BARWICE,92226,53.786592,16.2863
249210240,BARWINEK,6708,42.642655,2.520723
251210270,BASINÓW,94744,51.6932,21.35622
250229988,BATORZ,95844,50.855679,22.4788
253190290,BĄGART,92555,53.96618,19.35988
254180120,BĄKOWO,91419,53.11667,17.25
250180010,BĄKÓW,95484,52.15414,19.71737
250209976,BELINA,95654,43.646022,25.128204
251190110,BEŁCHATÓW,94555,51.358191,19.368433
251199995,BEŁCHATÓW,4505,51.358191,19.368433
250239995,BEŁŻEC,95908,50.370596,23.428497
249209976,BEREST,96619,49.50208,20.97046
249219988,BESKO,96720,49.58954,21.957585
251230120,BEZEK,4902,51.20151,23.26986
254219997,BEZŁAWKI-WILKOWO,91702,54.01694,21.26938
253219994,BĘSIA,2751,27.2979,81.81645
252169989,BIAŁA NAD NOTECIĄ,93250,49.808294,19.042013
251189992,BIAŁA NAD WARTĄ,94413,49.808294,19.042013
253229990,BIAŁA PISKA,92825,53.625528,49.799344
252239995,BIAŁA PODLASKA,3903,52.038712,23.112799
251209995,BIAŁA RAWSKA,94636,51.848873,20.540568
252140180,BIAŁCZYK,93053,52.65691,14.93935
249200450,BIAŁKA TATRZAŃSKA,96610,49.394186,20.104997
251200080,BIAŁOBRZEGI,94630,51.646366,20.949569
253220040,BIAŁOBRZEGI,92832,51.646366,20.949569
254159998,BIAŁOGARD,1101,54.011052,15.984654
253179993,BIAŁOŚLIWIE,92304,53.101647,17.12486
252230120,BIAŁOWIEŻA,3902,52.73467,21.05215
353230295,BIAŁYSTOK,295,53.138198,23.173944
253220070,BIEBRZA-PIEŃCZYKÓWEK,2802,53.64454,22.6066
249210070,BIECZ-GRUDNA,6702,49.73285,21.256596
250170350,BIELICE,95309,53.193376,14.749404
252149998,BIELINEK,93024,52.2479,25.0946
250200060,BIELINY KAPITULNE,95646,50.836838,20.958413
252239998,BIELSK PODLASKI,3901,52.775495,23.190326
349190600,BIELSKO-BIAŁA,600,49.808294,19.042013
249199993,BIEŃKÓWKA,96557,49.88333,19.61667
251150320,BIERNA,94107,51.02814,15.12101
250190380,BIERUŃ STARY,5508,60.31166,46.18286
251170270,BIERUTÓW,94306,51.128283,17.544936
250170020,BIESTRZYKOWICE,95357,50.99011,17.76346
252199990,BIEŻUŃ,93541,52.966183,19.944983
250229990,BIŁGORAJ,5803,50.535886,22.725143
253140080,BINOWO,92015,-7.7162,111.4949
249220060,BIRCZA,6803,49.676174,22.448195
253190130,BISKUPIEC,92522,53.861275,20.959126
253200030,BISKUPIEC,92652,53.861275,20.959126
253209997,BISKUPIEC,2601,53.861275,20.959126
252159994,BLEDZEW,93127,52.516581,15.411647
251160010,BŁOTNICA,93201,52.84253,15.6834
254169997,BOBIĘCINO,91201,54.01924,16.83243
251150010,BOBROWICE,94164,51.930842,15.058629
252179998,BOBROWNIKI,3301,50.41021,19.029779
252170050,BOBROWNIKI,93367,50.41021,19.029779
251190180,BOBRY,94502,56.65306,33.58444
249209999,BOCHNIA,6601,49.969154,20.431395
252140120,BOCZÓW,93006,49.53934,20.40375
252230140,BOĆKI,93910,52.652555,23.04223
250200040,BODZENTYN,5601,50.975013,20.897564
250140030,BOGATYNIA,5001,50.903775,14.958654
250149999,BOGATYNIA,95050,50.903775,14.958654
249190170,BOGDANÓWKA,96555,49.30289,29.19718
251210050,BOGLEWICE,94732,51.80968,20.99361
250219978,BOGORIA,95738,50.65942,21.296583
252199994,BOGUCIN,3502,51.33833,22.36164
250219999,BOGUSŁAWICE,5702,51.34572,21.29457
250210060,BOGUSŁAWICE,95764,51.34572,21.29457
250160190,BOGUSZÓW-GORCE,95252,50.753386,16.20311
251169992,BOJANOWO,94240,42.25,26.63333
253200110,BOLEJNY,92623,53.47957,20.41106
250199992,BOLESŁAW,95522,51.262975,15.568703
250160050,BOLESŁAWICE,95264,51.262975,15.568703
250160610,BOLESŁAWÓW,5252,52.09008,18.47451
252140070,BOLESZKOWICE,93014,52.726571,14.570473
252169988,BOLEWICKO,93257,52.38506,16.07439
250160030,BOLKÓW,95267,50.921482,16.103157
252230030,BONDARY,3951,53.6715,24.2927
250190150,BONOWICE,95580,50.6224,19.77754
252200080,BORKOWO,93661,54.23142,16.58916
254200050,BORNITY,91651,54.18962,20.05663
251150040,BOROWIEC,94156,51.30024,20.01373
253170010,BOROWY MŁYN,92360,52.42843,15.81004
250160070,BORÓW,95348,52.09588,19.57259
250189987,BORUCIN,95401,52.60184,18.72229
254170110,BORUCINO,91353,53.48645,16.79168
254170210,BORUCINO,1351,53.48645,16.79168
250200230,BORUSOWA,5606,50.27837,20.80124
250189981,BORYNIA,95403,49.070387,23.000442
250200290,BORZĘCIN,95605,50.78371,21.6401
253180010,BOŻEPOLE SZLACHECKIE,92447,53.6,19.03333
250170430,BRANICE,95303,50.053057,17.796347
254190040,BRANIEWO,91522,54.378596,19.820948
252220050,BRAŃSK,93832,53.241397,34.380185
251190010,BRATOSZEWICE,94547,51.92876,19.65441
249189994,BRENNA,96433,49.695175,18.923435
249180160,BRENNA,6451,49.695175,18.923435
249180190,BRENNA-LEŚNICA,96450,47.889653,-97.174619
252160220,BRODNICA,93215,53.24957,19.402535
253190210,BRODNICA N/DRWĘCĄ,92512,53.24957,19.402535
252169997,BRODY,93235,50.070194,25.15384
251210240,BRODY IŁŻECKIE,94703,50.070194,25.15384
253180050,BRODY POMORSKIE,92451,51.024961,21.227473
251140030,BROŻEK (ZASIEKI),94007,51.71374,14.70554
253190330,BRUDNICE,92558,53.07278,19.86706
250180180,BRUSIEK,95460,50.5828,18.81415
254160010,BRUSKOWO MAŁE,91252,54.48856,16.88284
254169999,BRUSKOWO WIELKIE,91251,54.492309,16.913656
251239993,BRUSS STARY,94916,50.733183,4.436117
252200190,BRWINÓW,93657,52.141955,20.716387
252209995,BRWINÓW,3608,52.141955,20.716387
250180250,BRYNICA,95544,50.90329,20.50681
250170050,BRZEG,95347,50.85705,17.467209
251160230,BRZEG DOLNY,94219,51.269257,16.719942
249229993,BRZEGI DOLNE,6806,49.44274,22.61579
249220130,BRZEGI DOLNE,96851,49.44274,22.61579
252189987,BRZEŚĆ KUJAWSKI,93436,52.649413,18.923205
251170170,BRZEZIE,94320,51.87497,16.99368
249210020,BRZEZINY,96739,51.800447,19.757783
253150240,BRZEŹNIAK,92155,53.14749,16.07353
249190020,BRZEŹNICA,96576,51.99867,15.12594
250219987,BRZEŹNICA N/WISŁOKĄ,95710,49.96497,19.61952
249219997,BRZOSTEK,96737,49.883692,21.405309
253190190,BRZOZIE,92514,53.57375,18.09525
249229994,BRZOZÓW,96828,49.697801,22.023144
251219990,BRZÓZA,94726,51.46984,19.64184
253190350,BRZUZE,92560,53.050503,19.267059
251159984,BUCHAŁÓW,94160,51.91055,15.36369
253179987,BUCZEK MAŁY,92327,51.12475,17.95913
251150120,BUCZYNA,94142,49.92485,20.33376
253190010,BUCZYNIEC,92546,53.97204,19.5845
253190340,BUCZYNIEC,92559,53.97204,19.5845
252159996,BUDACHÓW,93150,51.77376,14.9933
250219992,BUDY TUSZOWSKIE,95725,49.89337,36.02243
251169997,BUDZISZÓW MAŁY,94209,51.09673,16.46215
251160270,BUDZISZÓW WIELKI,94208,51.08994,16.43108
249220020,BUDZIWÓJ,96842,49.96647,21.98257
249199994,BUDZÓW,96560,49.774353,19.67143
249220360,BUKOWIEC,96856,53.34543,19.1423
254170070,BUKOWINA,91328,51.23633,19.59815
249200480,BUKOWINA TATRZAŃSKA,6626,49.331237,20.095659
250150260,BUKÓWKA,95102,50.95057,21.14153
251209996,BUKÓWNO,94626,50.265498,19.464446
253220160,BURZYN,92813,53.28065,22.45448
353170240,BYDGOSZCZ,240,53.122091,18.01434
253180220,BYDGOSZCZ,2450,53.122091,18.01434
253170260,BYDGOSZCZ-SZWEDEROWO,2351,53.122091,18.01434
253170260,BYDGOSZCZ-SZWEDEROWO,92367,53.122091,18.01434
250160550,BYSTRZYCA KŁODZKA,95279,50.300615,16.650076
250169985,BYSTRZYCA KŁODZKA,5209,50.300615,16.650076
253190320,BYSZWAŁD,92557,53.53219,19.74155
250189975,BYTOM,95439,50.391424,18.899081
251159989,BYTOM ODRZAŃSKI,94150,51.705748,15.807075
251150060,CEBER,4201,50.68417,21.22061
251160330,CEBER-KOZIE DOŁY,4252,51.72626,16.01699
254179993,CECENOWO,1301,54.64254,17.54346
251189991,CEKÓW,94441,51.89223,18.29799
251210280,CELEJÓW,94750,51.33552,22.08731
252210230,CELESTYNÓW,93772,51.96885,19.40607
249180030,CHAŁUPKI,96424,50.70495,20.60752
250199995,CHECHŁO,95533,51.64417,19.28661
251230140,CHEŁM,94907,51.135351,23.491696
250160290,CHEŁMSKO ŚLĄSKIE,95237,50.668605,16.066828
251170190,CHEŁSTÓW,94317,51.34028,17.49258
251200170,CHEŁSTY,94611,52.92422,21.43855
250209995,CHMIELNIK,95635,49.551556,27.974753
250219994,CHMIELÓW,5707,52.41723,22.15241
251169993,CHOBIENIA,94230,51.54349,16.44855
251150150,CHOCIANÓW,94136,51.419733,15.904461
250160430,CHOCIESZÓW,95220,50.45297,16.49044
251170020,CHOCZ,94347,51.973804,17.928198
252190110,CHODECZ,93520,52.372572,19.049394
251220170,CHODEL,94807,51.11301,22.133092
253169991,CHODZIEŻ,92256,52.993632,16.914575
252140010,CHOJNA,93026,52.960546,14.440286
353170235,CHOJNICE,235,53.696249,17.569309
251150190,CHOJNÓW,94129,51.273638,15.935561
253159993,CHOMĘTOWO,2101,53.20855,15.80332
253200180,CHORZELE,92611,53.291995,21.012034
250210180,CHORZELÓW,5708,50.3379,21.44617
250189984,CHORZÓW-MIASTO,95433,50.305028,18.961503
253150180,CHOSZCZNO,92108,53.169274,15.416364
252230090,CHRABOŁY,93952,53.27425,22.98596
250200190,CHROBERZ,95624,50.42394,20.55696
252180010,CHROŚNA,92401,52.99146,18.22186
250150010,CHROŚNICA,95135,52.26686,16.00219
250190370,CHRZANÓW,95510,50.132592,19.398484
250189972,CHRZĄSTOWICE,95465,50.34585,19.68133
253170210,CHRZĄSTOWO,2303,52.89703,18.38837
251160170,CHWAŁKOWICE,4250,50.68333,17.86667
249190590,CHYŻNE,96512,48.66289,20.20097
252179988,CIĄŻEŃ,93315,52.210794,17.822951
252230190,CICIBÓR,3950,44.58889,15.74694
250150130,CIECHANOWICE,95122,50.866848,15.980743
252220060,CIECHANOWIEC,93829,52.662302,22.60797
252209986,CIECHANÓW,93650,52.881111,20.60012
252189999,CIECHOCINEK,3401,52.87824,18.79423
253179990,CIECHOLEWY,92351,53.80951,17.3824
249210110,CIEKLIN,96722,49.634049,21.38178
252200070,CIEKSYN,93639,52.57472,20.66676
250190040,CIELĘTNIKI,95574,50.89064,19.57704
253229991,CIEMNOSZYJE,92824,53.53402,22.55381
251210150,CIEPIELÓW,94714,51.239612,21.594546
250220160,CIEPLICE,95813,50.646819,13.837687
250159998,CIEPLICE ŚLĄSKIE-ZDRÓJ,5102,50.86545,15.68367
253210240,CIERPIĘTA,92706,53.17508,21.18463
250230160,CIESZANÓW,5951,50.245611,23.204237
250239989,CIESZANÓW,95904,50.245611,23.204237
249180550,CIESZYN,6452,49.746648,18.636442
249180130,CIESZYN,6403,49.746648,18.636442
249209992,CIĘŻKOWICE,6603,50.92901,19.53232
250190320,CIĘŻKOWICE,95516,50.92901,19.53232
251160070,CIOŁKOWO,94241,52.6093,19.88295
249220250,CISNA,96805,49.213784,22.330398
251180220,CISOWA,94405,54.519174,18.4105
250200110,CISÓW,95658,51.64348,19.75084
252140130,CYBINKA,93004,52.139737,14.752256
250199986,CYKARZEW,95576,50.95424,19.17258
253169995,CZAPLINEK,92220,53.553236,16.235893
250219984,CZARNA,95705,50.084334,21.251998
254179996,CZARNA DĄBRÓWKA,1304,54.341025,17.580666
251210310,CZARNA KOLONIA,94752,50.928344,7.002998
253180060,CZARNA WODA,92438,50.87979,17.90656
250190050,CZARNCA,95572,50.81165,19.92295
253169996,CZARNE,92224,53.684169,16.931356
250170170,CZARNOLAS,95329,50.59294,17.31411
252210020,CZARNOWO,93776,53.0139,22.44812
252200250,CZARNÓW-TOWARZYSTWO,93664,50.72858,17.89819
249199984,CZARNY DUNAJEC,6519,49.437859,19.854879
251179995,CZARNY LAS,94324,54.1866,27.883
251179991,CZARNY SAD,94351,51.79673,17.45092
251180120,CZARTORYJA,94424,52.94665,14.49311
251179998,CZATKOWICE,94325,50.14988,19.64324
249209993,CZCHÓW,96647,49.86067,20.697032
250189991,CZEKANÓW,5406,52.4358,22.43878
250190270,CZELADŹ,95530,50.312893,19.069242
251220060,CZEMIERNIKI,94829,51.15,23.0
252170140,CZERNIEJEWO,93327,52.428974,17.487581
252170380,CZERNIEJEWO II,93372,52.428974,17.487581
252180030,CZERNIKOWO,93452,52.94355,18.935884
253179983,CZERSK,92352,53.796734,17.97235
251160020,CZERWONA WIEŚ,94253,51.95734,16.78465
251229997,CZESŁAWICE,4804,52.98251,17.2235
251220140,CZESŁAWICE,94852,52.98251,17.2235
350190550,CZĘSTOCHOWA,550,50.808379,19.119375
252219991,CZŁEKÓWKA,93706,52.05294,21.45239
253160170,CZŁOPA,92203,53.090657,16.219322
253170080,CZŁUCHÓW,92343,53.668521,17.358041
249209978,CZORSZTYN-NADZAMCZE,6622,49.43776,20.32692
252220040,CZYŻEW,93834,52.35395,19.8407
250209998,DALESZYCE,95643,50.777366,20.86835
251200060,DAŃKÓW,94656,53.259701,39.151091
254160020,DARŁOWO,1201,54.418548,16.413878
253150120,DARŻ,92154,53.47809,15.03689
252180250,DĄBIE,93405,51.995911,15.192245
252179995,DĄBROWA,93347,50.173568,20.98453
253239984,DĄBROWA BIAŁOSTOCKA,92930,53.651294,23.35045
250200270,DĄBROWA TARNOWSKA,95612,50.173568,20.98453
250200360,DĄBROWA TARNOWSKA,95664,50.173568,20.98453
253140240,DĄBROWICA,92055,51.56347,26.562624
253179986,DĄBRÓWKA,92337,52.493517,21.261771
250170550,DĄBRÓWKA GÓRNA,95362,50.53831,17.92976
251200270,DĄBRÓWKA STARA,4611,51.77601,20.72749
251200270,DĄBRÓWKA STARA,94660,51.77601,20.72749
252210190,DĘBE WIELKIE,93722,52.198074,21.437945
250219990,DĘBICA,5711,50.056098,21.424158
250219983,DĘBICA,95704,50.056098,21.424158
250180050,DĘBINIEC,95479,52.9,18.53333
251210080,DĘBLIN,94724,51.56484,21.84035
249200340,DĘBNO,96661,52.737622,14.703414
249209972,DĘBNO,6635,52.737622,14.703414
253220080,DĘBOWO,92826,53.61586,22.94549
252180190,DĘBY SZLACHECKIE,93417,52.29189,18.60483
251159998,DŁUGIE,94146,52.90807,15.66216
254190110,DŁUGOBÓR,91610,54.22134,19.98571
250160590,DŁUGOPOLE-ZDRÓJ,5211,50.24265,16.63543
249200070,DOBCZYCE,6651,49.882124,20.098898
252150020,DOBIEGNIEW,93142,53.015829,15.877043
251180030,DOBRA,94443,51.24953,17.31136
253159997,DOBRA,92126,51.24953,17.31136
249209989,DOBRA,96637,51.24953,17.31136
252189996,DOBRE,93440,53.9855,20.39249
253190030,DOBROCIN,2502,53.90684,19.8371
250180110,DOBRODZIEŃ,95471,50.728186,18.448213
250170110,DOBROGOSZCZ,5302,50.76133,17.01868
250160040,DOBROMIERZ,95268,51.00546,19.89507
254199996,DOBRY,91509,53.3,79.53333
251190150,DOBRYSZYCE,94508,51.14457,19.41138
251200040,DOLECK,94638,51.89991,20.30273
253159991,DOLICE,92110,43.09056,20.01778
249199974,DOLINA CHOCHOŁOWSKA,96505,59.73526,150.85859
249200550,DOLINA PIĘCIU STAWÓW,6633,59.73526,150.85859
251170010,DOLSK,94346,52.76361,33.69361
252220190,DOMANICE,93801,52.046192,22.176378
251230150,DOROHUSK,94908,51.149702,23.760377
253230180,DRAHLE,92935,53.38514,23.55682
253150170,DRAWNO,92152,53.535382,15.810014
253150110,DRAWSKO POMORSKIE,92124,53.535382,15.810014
252150070,DREZDENKO,93138,52.838161,15.830913
250180140,DRONIOWICE,95469,50.69445,18.80989
250180580,DRONIOWICE,5454,50.69445,18.80989
251200020,DROZDY,94644,55.5549,30.8449
252160310,DRUŻYNA POZNAŃSKA,93295,52.210092,16.823683
253220050,DRYGAŁY,92828,53.688294,22.109406
251199996,DRZEWOCINY,94526,51.55368,19.29114
254220040,DUBENINKI,91816,54.28858,22.55922
251230210,DUBICA GÓRNA,94953,51.718229,19.462993
251239998,DUBIENKA,94904,51.049231,23.892665
254229997,DUBOWO,91803,54.06245,23.45943
249210140,DUKLA,6705,49.555952,21.685209
252190070,DUNINÓW,93526,52.58271,19.47996
250169994,DUSZNIKI-ZDRÓJ,5206,50.400101,16.388079
249220260,DWERNIK,96806,49.20728,22.62497
250160340,DWORKI,95232,50.834976,23.935851
254150010,DYGOWO,91150,54.131226,15.722844
249220040,DYNÓW,6802,49.817097,22.230479
253210330,DZBENIN,92754,53.07051,21.77422
252229991,DZIADKOWICE,93824,52.5638,22.91689
253200190,DZIAŁDOWO,92609,53.235051,20.175299
251180210,DZIAŁOSZYN,94407,51.116272,18.87354
253190090,DZIARNY,92554,53.569039,19.604075
250190350,DZIEĆKOWICE,95512,50.17357,19.2238
253190020,DZIERZGOŃ,92543,53.922132,19.34661
252169994,DZIERŻĄŻNO WIELKIE,93255,52.98816,16.2068
250160260,DZIERŻONIÓW,95248,50.730996,16.646286
250170290,DZIEWIĘTLICE,95318,50.41158,17.07996
254140010,DZIWNÓW,1001,54.022771,14.749136
254190190,ELBLĄG,1508,54.167069,19.411545
354190160,ELBLĄG-MILEJEWO,160,54.167069,19.411545
253229998,ELŻBIECIN,92851,50.51441,20.74305
253220030,EŁK,92834,53.822306,22.361323
253180180,FALĘCIN,92413,53.23283,18.5472
251209991,FAŁKÓW,94608,51.131874,20.067124
252200140,FAMUŁKI BROCHOWSKIE,93626,52.31105,20.35404
253230110,FASTY,92911,53.161222,23.068669
251229996,FELIN,4806,58.361484,25.579084
250220080,FRAMPOL,95835,49.0945,26.74888
254209999,FRANKNOWO,91602,54.0314,20.74951
253180080,FRĄCA,92433,53.7143,18.63506
253209984,FRĄCZKI,92642,53.93289,20.59778
253200120,FRĄKNOWO,92651,53.4401,20.3318
254190050,FROMBORK,1505,54.304969,19.697261
254199999,FROMBORK,91528,54.304969,19.697261
249219990,FRYSZTAK,96733,49.84164,21.60942
250230130,FUTORY,95903,50.19201,23.06695
251210170,GADKA,94707,52.05013,21.49077
250160380,GAJÓW,95282,52.172077,21.099658
254200060,GALINY,91608,54.38306,20.41071
251219991,GARBATKA,94722,52.74249,16.96298
251230090,GARBATÓWKA,94913,51.35935,23.11515
253180110,GARDEJA,92429,53.608786,18.946941
250219982,GAWŁUSZOWICE,95726,50.41366,21.38283
251150090,GAWORZYCE,94145,51.62773,15.88198
252199991,GĄBIN,93521,54.5907,22.204048
354180140,GDAŃSK-PORT PÓŁNOCNY,140,54.389922,18.640087
254180090,GDAŃSK-RĘBIECHOWO,1407,54.372781,18.628385
354180150,GDAŃSK-RĘBIECHOWO,150,54.372781,18.628385
254180110,GDAŃSK-ŚWIBNO,1404,54.372781,18.628385
354180155,GDAŃSK-ŚWIBNO,155,54.372781,18.628385
254189999,GDAŃSK-WRZESZCZ,1408,54.372781,18.628385
249209996,GDÓW,96652,58.74424,27.81977
254180060,GDYNIA,1402,54.543184,18.499158
254180230,GDYNIA DĄBROWA,91455,54.543184,18.499158
254180220,GDYNIA OKSYWIE,91454,54.566466,18.529181
252180130,GĘBICE,93437,51.87169,14.81369
249190040,GIERAŁTOWICE,96572,50.226645,18.727866
250150070,GIERCZYN,95126,50.93582,15.40403
253200040,GIETRZWAŁD,92635,53.74617,20.23742
249199991,GILOWICE,96549,49.712558,19.314923
253220010,GIŻE,91801,30.00808,31.21093
254219999,GIŻYCKO,1702,54.044475,21.765289
252150030,GIŻYN,93141,51.67043,16.6563
253149993,GIŻYN K/SZCZECINA,92012,53.43004,14.4653
249219992,GLINIK MARIAMPOLSKI,96750,49.68494,21.18625
250189986,GLIWICE,95432,50.298586,18.670967
252170360,GŁĘBOCKO,93370,52.58738,17.0635
252180090,GŁĘBOKIE,93459,55.1384,27.6905
252189985,GŁĘBOKIE,3404,55.1384,27.6905
252190030,GŁODOWO,3501,53.72,21.66329
251160080,GŁOGÓW,94236,51.659976,16.079386
250170310,GŁOGÓWEK,95313,50.354381,17.863463
250170390,GŁUBCZYCE,5309,50.201642,17.82217
250170330,GŁUCHOŁAZY,5308,50.316165,17.385743
251209987,GŁUCHÓW,94635,51.678349,33.927544
250209975,GŁUCHÓW,95659,51.678349,33.927544
250169990,GŁUSZYCA,95241,50.685361,16.332468
250169999,GNIECHOWICE,95275,50.987406,16.834529
253189997,GNIEW,92440,53.836971,18.821586
252170110,GNIEZNO,3303,52.532689,17.599834
249200060,GNOJNIK,96665,49.68077,18.539575
249180050,GOCZAŁKOWICE-ZDRÓJ,96426,49.943262,18.96904
250190260,GOLCZOWICE,95534,50.39603,17.79614
250179997,GOLCZOWICE OPOLSKIE,95342,50.39603,17.79614
253140060,GOLENIÓW,2004,53.5654,14.829844
253140070,GOLENIÓW,92021,53.5654,14.829844
249189986,GOLESZÓW,96412,49.733706,18.739886
252170020,GOŁAŃCZ,93357,52.946244,17.241383
254220030,GOŁDAP,1801,54.308727,22.30542
249180060,GOŁKOWICE,96452,49.54376,20.57579
252200040,GOŁOTCZYZNA,93644,52.78901,20.69112
254180130,GORĘCZYNO,91453,54.264564,18.161506
249210090,GORLICE,96723,49.657683,21.159362
251199982,GORZKOWICE,94512,51.216299,19.593212
250239991,GORZKÓW,95932,50.953797,22.972785
352150300,GORZÓW WIELKOPOLSKI,300,52.737886,15.232198
252150120,GORZYŃ,3101,51.8292,14.97849
250160110,GOSTKÓW,95261,50.84407,16.10079
253160160,GOSTOMIA,92206,51.62004,20.63696
252190090,GOSTYNIN,93522,52.428254,19.466753
250170760,GOŚCIEJOWICE,95365,50.6558,17.64349
252150080,GOŚCIM,93136,52.76753,15.70653
250170190,GOWOROWICE,95328,50.54551,17.14348
252140060,GOZDOWICE,93015,52.76445,14.32446
251160090,GÓRA,94238,54.412054,13.426676
251210010,GÓRA KALWARIA,94739,51.985914,21.209761
250189993,GÓRA ŚW.ANNY,5403,51.938153,15.508006
253239989,GÓRANY,92914,54.6767,30.9855
249180140,GÓRKI WIELKIE,96413,49.77971,18.83117
252179983,GÓRKI ZAGAJNE,93363,52.91918,17.57146
254200030,GÓROWO IŁAWECKIE,91614,54.31547,20.398178
251150080,GRABIK,4101,44.58577,17.50374
251159992,GRABISZYCE GÓRNE,94101,50.04389,22.99222
251219996,GRABOWIEC,4707,50.827155,23.555356
250239999,GRABOWIEC,95926,50.827155,23.555356
251210210,GRABOWIEC,94743,50.827155,23.555356
249229987,GRABOWNICA,6804,50.91608,20.25786
251170150,GRABOWNICA,4303,50.91608,20.25786
253229999,GRAJEWO,92827,53.649439,22.456789
253210320,GRĄDY PODMIEJSKIE,92750,35.018661,-97.881235
250219996,GRĘBÓW,95736,50.565728,21.876719
249209973,GRODKOWICE,96656,49.97485,20.27321
250170140,GRODKÓW,5303,50.695875,17.383579
252189993,GRODZIEC,93402,51.16933,15.78512
250180130,GRODZIEC,95468,51.16933,15.78512
252220070,GRODZISK,93826,52.105992,20.621695
252169991,GRODZISK WIELKOPOLSKI,93220,52.225646,16.362873
250220170,GRODZISKO DOLNE,95808,50.160336,22.464145
253230130,GRÓDEK,92908,49.162302,26.600623
252200090,GRÓDKOWO,93631,52.81055,19.7142
253200220,GRUDUSK,92603,53.04767,20.628843
253180150,GRUDZIĄDZ,2403,53.482105,18.756298
252170130,GRUSZCZYN,93326,50.87406,20.16385
249209988,GRUSZOWIEC,96634,49.70339,20.19854
249200230,GRYBÓW,96628,49.621922,20.947974
253140110,GRYFINO,92014,53.253051,14.490608
251150340,GRYFÓW ŚLĄSKI,94110,51.031673,15.41999
251159985,GRYŻYCE,94147,51.48047,16.51176
252150210,GRYŻYNA,93110,52.18686,15.27908
252160140,GRZEBIENISKO,93231,52.43325,16.5297
250169987,GRZĘDY,95251,52.0097,20.85088
253160040,GRZMIĄCA,92230,51.82979,19.71837
254160090,GRZYBNICA,91202,54.04497,16.44468
249199979,GUBAŁÓWKA,6521,49.307793,19.935933
249190650,GUBAŁÓWKA,96578,49.307793,19.935933
251140010,GUBIN,94011,51.966936,14.693847
252210010,GUTY DUŻE,93764,-20.76194,33.785
253170050,GWIEŹDZIN,92347,53.73805,17.19223
249219991,HACZÓW,96725,49.670912,21.892127
252230110,HAJNÓWKA,93913,52.741585,23.586658
249200540,HALA GĄSIENICOWA,6632,25.81308,68.42273
349200628,HALA GĄSIENICOWA,628,25.81308,68.42273
249199972,HALA LIPOWSKA,96517,25.81308,68.42273
249190680,HALA ORNAK,6526,25.81308,68.42273
250189976,HALEMBA,95427,50.24259,18.85357
251230080,HAŃSK,94915,51.41286,23.39942
249190510,HARKABUZ,96519,49.53824,19.83556
354180135,HEL,135,19.38333,-81.41667
250189971,HERBY NOWE,95472,51.708775,17.997508
253239996,HOŁODOLINA,92926,53.540228,23.227122
254189998,HOPOWO,1405,54.25485,18.23486
250239990,HORYNIEC,5950,50.176458,23.401565
250239997,HRUBIESZÓW,95924,50.802573,23.897435
251239995,HRUSZÓW,94905,51.08681,23.25419
249220030,HUCISKO JAWORNICKIE,96838,49.89054,22.35237
249229999,HUSÓW,96844,49.979306,22.285583
249200350,HUTA,96615,51.18734,21.55172
250190130,HUTKI,95561,50.67972,19.0201
250200280,IGOŁOMIA,5608,50.089195,20.243609
253199997,IŁAWA,92528,53.587636,19.568512
251159995,IŁOWA,94139,51.551765,15.211179
252200130,IŁÓW,93627,52.326002,20.037724
251210160,IŁŻA,94709,51.161691,21.235802
250160020,IMBRAMOWICE,95272,50.30666,19.8595
252189998,INOWROCŁAW,3402,52.793919,18.257795
249190090,INWAŁD,6503,49.862508,19.400692
253150140,IŃSKO,92120,53.46091,15.602895
249180560,ISTEBNA,96455,49.566012,18.892805
249180260,ISTEBNA-KUBALONKA,6408,49.566012,18.892805
249180270,ISTEBNA-MŁODA GÓRA,96403,49.566012,18.892805
249180280,ISTEBNA-STECÓWKA,96404,49.566012,18.892805
249180290,ISTEBNA-WIEŚ,96402,49.566012,18.892805
249189989,ISTEBNA-ZAOLZIE,6406,49.566012,18.892805
251180080,IWANOWICE,94429,51.65243,18.32211
250199991,IWANOWICE,95517,51.65243,18.32211
251150230,IWINY,94124,51.04183,17.07636
249209994,IWKOWA,96646,49.81939,20.585528
249210150,IWONICZ-ZDRÓJ,6706,49.533162,21.768309
254170180,IZBICA,91355,50.889648,23.109384
252180160,IZBICA KUJAWSKA,93429,52.393206,18.808145
249229985,IZDEBKI,96832,53.28394,17.32715
249190560,JABŁONKA,6518,53.67158,18.1396
252180180,JABŁONKA,93423,53.67158,18.1396
252160190,JABŁONNA,93219,52.404496,20.87394
252209989,JABŁONNA,93629,52.404496,20.87394
253199996,JABŁONOWO,92518,53.33128,16.29667
253220270,JABŁONOWO-WYPYCHY,2856,52.39211,21.86281
250209987,JADOWNIKI MOKRE,95611,50.16546,20.72845
250150180,JAGNIĄTKÓW,95114,50.82264,15.61655
252180040,JAKSICE,93448,50.13333,20.51667
252180330,JAKSICE II,93462,52.855872,18.199467
250179995,JAKUBOWICE,95301,50.88506,17.24356
250200260,JAKUBOWICE,95613,50.88506,17.24356
250150170,JAKUSZYCE,5150,50.816894,15.394581
250159999,JAKUSZYCE,95113,50.816894,15.394581
253230060,JAŁÓWKA,92951,53.00481,23.90623
250150040,JANICE,95132,31.02546,-89.03672
251169990,JANISZEWO,94244,52.93441,19.25193
250199975,JANKOWICE,95578,51.1702,23.30017
252170060,JANOWIEC WIELKOPOLSKI,93348,52.758017,17.49172
253230030,JANÓW,92923,55.081788,24.27751
250220070,JANÓW LUBELSKI,95838,50.70715,22.415242
250190010,JANUSZEWICE,95577,50.94243,19.96279
251210040,JARCZEW,4702,51.81413,21.95807
250150230,JARKOWICE,95103,50.72005,15.90425
252220140,JARNICE,93854,52.35857,21.98566
250170340,JARNOŁTÓWEK,95311,50.28435,17.42646
252219985,JARNUTY,93767,52.98333,21.65
250220120,JAROCIN,5802,51.966851,17.496332
250220210,JAROSŁAW,95801,57.625147,39.839854
251190230,JAROSTY,94556,51.46235,19.68381
249200170,JASIENNA,96639,49.716889,20.824417
249200250,JASIONÓW,96623,51.60576,14.84922
249210080,JASŁO,96756,49.741402,21.467388
249219995,JASŁO,96729,49.741402,21.467388
254180030,JASTARNIA,91433,54.74079,18.566043
253160110,JASTROWIE,92214,53.420969,16.815121
249200130,JASTRZĘBIA,6650,51.70074,20.76077
249189998,JASTRZĘBIE,6450,53.21667,18.08333
249189997,JASTRZĘBIE,96451,53.21667,18.08333
249189996,JASTRZĘBIE-ZDRÓJ,6401,49.947612,18.585934
253230010,JASTRZĘBNA PIERWSZA,92950,52.76667,18.88333
250210090,JASTRZĘBSKA WOLA,95762,50.72222,21.17323
251180240,JASTRZYGOWICE,94401,50.99501,18.45454
253190050,JAŚKOWO,92537,53.58189,21.66542
249210250,JAŚLISKA,96707,49.44229,21.80795
249190010,JAWISZOWICE,96575,49.958574,19.140264
251160290,JAWOR,94205,51.051341,16.195783
249200440,JAWORZYNA KRYNICKA,96666,49.418046,20.895513
249209975,JAZOWSKO,96622,49.532081,20.517916
251229994,JEDLANKA,94840,51.51667,22.96667
249219985,JEDLICZE,96728,49.714913,21.646825
250160220,JEDLINA-ZDRÓJ,95247,50.687217,16.371468
253210250,JEDNOROŻEC,92705,39.24817,-75.86299
251170320,JELCZ-LASKOWICE,4350,51.030949,17.310245
350150500,JELENIA GÓRA,500,50.800846,15.747776
253200080,JEMIOŁOWO,92626,53.56191,20.29985
253190060,JERZWAŁD,92536,53.78179,19.52751
252180350,JEZIORKI,93464,50.4,24.96667
253170020,JEZIORNA,92359,53.53959,16.44148
252169996,JEZIORY,3205,51.56523,18.70225
251190040,JEŻÓW,94552,50.9335,16.0498
254160040,JEŻYCZKI,91218,54.34136,16.39734
250209978,JĘDRZEJÓW,95636,50.646979,20.285161
250200340,JĘDRZEJÓW-SUDÓŁ,5664,50.646979,20.285161
250230170,JĘDRZEJÓWKA,95934,50.71144,22.7671
250229982,JOANIN,95846,50.90294,22.95392
249219998,JODŁOWA,96736,49.885371,21.308287
250160720,JODŁOWNIK,95284,49.77517,20.23647
249200110,JODŁOWNIK,6602,49.77517,20.23647
249190250,JORDANÓW,96539,49.648591,19.828003
250230060,JÓZEFÓW,95911,52.137272,21.228798
253239993,JUCHNOWIEC DOLNY,92902,53.01525,23.13601
253169986,JUCHOWO,92252,53.67186,16.49127
254200020,JUDYTY,91616,54.32194,20.89222
250169996,JUGÓW,95233,50.627962,16.516237
250150110,KACZORÓW,95125,51.88636,20.23865
249180110,KACZYCE,96418,49.82752,18.59161
250180160,KADŁUB-PIEC,95462,51.170031,18.552162
253210230,KADZIDŁO,92708,53.23624,21.456948
253180140,KALISKA,92423,53.75597,17.80533
351180435,KALISZ,435,51.759849,18.084073
249220270,KALNICA,96853,52.74276,22.91825
249190110,KALWARIA ZEBRZYDOWSKA,96567,49.90045,19.700603
249190810,KALWARIA ZEBRZYDOWSKA,96599,49.90045,19.700603
249190380,KAMESZNICA,96532,49.56469,19.0212
249209990,KAMIENICA,6610,52.03333,23.81667
250160620,KAMIENICA,95276,52.03333,23.81667
253170140,KAMIENICA,92329,52.03333,23.81667
250160390,KAMIENIEC ZĄBKOWICKI,95224,50.526871,16.8784
253150230,KAMIENNA,92104,49.58333,19.35
250160150,KAMIENNA GÓRA,95254,50.783049,16.031423
253170120,KAMIEŃ KRAJEŃSKI,92334,53.553462,17.464728
253149996,KAMIEŃ POMORSKI,2001,53.96391,14.773378
253230040,KAMIONKA,92922,48.030648,28.696886
251230130,KANIE,94906,35.13333,136.8
251140020,KANIÓW,94010,49.749791,31.468579
249220010,KAŃCZUGA,96845,49.947473,22.430104
252150230,KARGOWA,93104,52.032521,15.870341
250180020,KARMONKI NOWE,95483,50.91683,18.57797
250150220,KARPACZ,5105,50.776984,15.759127
254170150,KARPNO,91308,53.64395,15.88554
253149990,KARSIBÓR,92029,53.66186,15.86763
253160120,KARSIBÓR,92211,53.66186,15.86763
253160230,KARSIBÓR II,92259,53.831338,14.309186
253140020,KARTLEWO,92026,53.58333,15.63333
254189996,KARTUZY,91421,54.334044,18.200598
254170040,KARŻNICZKA,1302,54.393449,17.163261
253180240,KASPARUS,2406,53.74001,18.35691
349190650,KASPROWY WIERCH,650,49.291662,19.959067
250190530,KATOWICE PYRZOWICE,5550,50.45942,19.07092
350190560,KATOWICE-MUCHOWIEC,560,50.260489,19.015859
252209996,KAWĘCZYN,3607,51.900069,18.514557
252200180,KAWĘCZYN,93660,51.900069,18.514557
251219998,KAZIMIERZ DOLNY,94716,51.317211,22.030886
250200240,KAZIMIERZA MAŁA,95617,50.26114,20.53263
254190210,KĄTY RYBACKIE,91529,54.3399,19.22976
251160310,KĄTY WROCŁAWSKIE,94204,51.033353,16.758878
250180620,KĘDZIERZYN-KOŹLE,5455,50.346181,18.209176
251220190,KĘPA,94805,53.11279,16.53937
250190190,KĘPIE,95545,9.52582,6.79249
251189998,KĘPNO,94414,51.277673,17.97788
354210185,KĘTRZYN,185,54.076868,21.385583
249190070,KĘTY,96568,49.884076,19.226811
350200570,KIELCE-SUKÓW,570,50.879655,20.628806
251180170,KIEŁCZYGŁÓW,94452,51.23881,18.98283
250180530,KIETRZ,95411,50.079051,18.01282
253200010,KIKITY,92647,53.98516,20.86119
253200240,KIKITY II,92655,53.982573,20.880822
253199993,KISIELICE,92529,53.589529,19.309186
252230070,KLEJNIKI,93916,52.84035,23.39899
252230150,KLESZCZELE,93907,52.574927,23.434597
252170280,KLĘKA,93306,46.35801,-86.59044
249199973,KLIKUSZOWA,96516,49.5193,19.9849
250210120,KLIMONTÓW,95739,51.69694,16.33472
250200130,KLISZÓW,95634,50.6169,20.52366
253179991,KLONOWO,92326,52.93333,20.8
253160060,KLUCZEWO,92223,52.64408,16.46812
254170170,KLUKI,91354,51.341515,19.235226
254179994,KLUKOWA HUTA,91319,54.24048,17.89818
250180040,KŁOBUCK,95482,50.907742,18.932686
253169987,KŁODA,92251,51.65978,15.95695
252180210,KŁODAWA,93415,52.257356,18.909847
350160520,KŁODZKO,520,50.4374,16.652285
251169987,KŁONICE,94201,50.99539,16.14252
254190120,KMIECIN,1503,54.189211,19.143525
250180550,KOBIÓR,95410,50.06115,18.927887
250189998,KOBYLNO,95475,58.03282,33.45103
250190060,KOBYŁCZYCE,95582,50.79763,19.37161
250180120,KOCHCICE,5453,50.707737,18.68645
249190180,KOCIERZ MOSZCZANICKI,96552,49.7531,19.26504
251229995,KOCK,94827,63.42345,22.34507
251230010,KODEŃ,94927,30.792,77.65131
250219988,KOLBUSZOWA,5709,50.242847,21.773543
250210220,KOLBUSZOWA,95761,50.242847,21.773543
253219999,KOLNO,92716,53.41119,21.932408
252200280,KOLONIA KAWĘCZYN,93667,51.900069,18.514557
251230170,KOLONIA ZAKRĘCIE,94950,6.964,158.2058
352180345,KOŁO,345,52.20265,18.639873
354150100,KOŁOBRZEG-DŹWIRZYNO,100,54.174117,15.568466
252189997,KOŁODZIEJEWO,93441,52.71237,18.03352
252180080,KOŁUDA WIELKA,3403,50.149055,19.847715
249220180,KOMAŃCZA,6809,49.320304,22.090888
250159994,KOMARNO,95128,47.765559,18.125088
252210040,KOMOROWO,93773,52.83456,21.83886
249189993,KONIAKÓW,96401,49.73666,18.55489
250190070,KONIECPOL,95570,50.780882,19.69389
250200090,KONIECZNO,95642,50.789747,20.034224
252180220,KONIN,93413,52.236918,18.270295
252160210,KONOJAD,93214,52.16327,16.53501
253189992,KOŃCZEWICE,2404,53.18145,18.55593
251200180,KOŃSKIE,94610,51.196463,20.410485
250150120,KOPANIEC,95123,50.88766,15.549
250200150,KOPERNIA,95630,50.52864,20.49581
253179998,KOPERNICA,92361,53.78811,17.47745
250170730,KOPICE,95363,53.69829,14.54951
249190440,KORBIELÓW,96523,49.5682,19.35001
250170240,KORFANTÓW,5304,50.450586,17.534099
250170750,KORFANTÓW II,5352,50.486235,17.600279
253170170,KORONOWO,92319,53.307151,17.948091
251180370,KORZEKWIN,94455,51.66995,18.32914
253180070,KORZENIEWO,92435,52.99563,19.42861
254169995,KORZYBIE,91217,52.65555,20.26857
252140140,KOSARZYN,93001,52.06062,14.76494
253170040,KOSOBUDY,92354,50.63017,23.0841
253190170,KOSTKOWO,92517,54.66836,18.03406
252170160,KOSTRZYN,93324,52.5931,14.646714
252140090,KOSTRZYN NAD ODRĄ,93010,52.5931,14.646714
354160105,KOSZALIN,105,54.195293,16.181078
254169998,KOSZALIN-ZEGRZE,1204,54.195293,16.181078
249190340,KOSZARAWA,96537,49.641278,19.397946
249190930,KOSZARAWA-ŻŁABNE,98505,49.641278,19.397946
252160240,KOŚCIAN,93211,52.078029,16.643686
252160340,KOŚCIAN II,93259,52.078029,16.643686
249190660,KOŚCIELISKO-KIRY,96507,49.287669,19.888399
251150140,KOŚCIELNA WIEŚ,94135,52.67163,18.71133
251189994,KOŚCIERZYN,4450,51.62409,18.64387
254170140,KOŚCIERZYNA,1305,54.123625,17.977848
254170260,KOŚCIERZYNA,1353,54.123625,17.977848
251209986,KOŚMIN,94639,51.90341,20.89062
252169993,KOTUSZ,93210,52.10209,16.49277
254220070,KOWALE OLECKIE,91807,54.16242,22.420186
253180230,KOWALEWO,92408,52.74162,19.89381
249200310,KOWANIEC,96617,49.50184,20.05128
250150190,KOWARY,95112,50.794159,15.831836
251210070,KOZICE (ŻYCZYN),94729,51.11841,22.77506
351210488,KOZIENICE,488,51.587037,21.546264
250180320,KOŹLE,95437,51.93938,19.58566
249200030,KOŹMICE WIELKIE,96658,49.949779,20.036249
251170050,KOŹMIN WIELKOPOLSKI,94338,51.828775,17.448204
251189999,KOŹMINEK,94437,51.797996,18.33501
251159999,KOŻUCHÓW,94165,51.743324,15.594336
252170210,KÓRNIK,3305,52.250391,17.092374
253160140,KRAJENKA,92316,53.248735,16.903412
250190410,KRAKÓW HISTORYCZNE,5510,50.052652,19.987345
350190566,KRAKÓW-BALICE,566,50.052652,19.987345
250199987,KRAKÓW-BIELANY-KLASZTOR,95505,50.052652,19.987345
250209979,KRAKÓW-ŁĘG,95604,50.052652,19.987345
250190390,KRAKÓW-OBSERWATORIUM,5511,50.052652,19.987345
250199984,KRAKÓW-SWOSZOWICE,95501,50.052652,19.987345
250190470,KRAKÓW-WOLA JUSTOWSKA,5551,50.052652,19.987345
252189991,KRAMSK,93416,52.26415,18.42675
250170270,KRAPKOWICE,95323,50.484335,17.97302
249229995,KRASICZYN,96833,49.776925,22.650771
251220120,KRASIENIN,94818,51.36053,22.45691
249210060,KRASNA,96731,52.0794,22.86564
252209993,KRASNE,93652,49.907386,24.602293
253239995,KRASNE,92932,49.907386,24.602293
251239997,KRASNYSTAW,4903,50.98484,23.164135
250209981,KRASOCIN,95648,50.88874,20.11863
251180110,KRASZEWICE,94425,51.513765,18.225934
252200270,KRASZEWO,93666,54.04185,19.18058
250229987,KRAŚNIK LUBELSKI,95848,50.926146,22.224256
254160070,KRĄG,91212,54.21095,16.703
249210180,KREMPNA,96712,49.508449,21.498184
250190170,KRĘCIWILK,95581,50.54884,19.36984
250219997,KRĘPA GÓRNA,95755,51.718229,19.462993
249219993,KROSNO,6704,49.69217,21.760506
349210670,KROSNO,670,49.69217,21.760506
252159998,KROSNO ODRZAŃSKIE,93103,52.058996,15.092377
249200370,KROŚCIENKO,6618,49.47331,22.66136
251169988,KROŚCINA MAŁA,4204,-12.65806,-76.63083
251170110,KROTOSZYN,94331,51.699041,17.436988
250189988,KRÓLÓWKA,95412,49.88568,20.4265
250180190,KRUPSKI MŁYN,95459,50.571154,18.621107
251190080,KRUSZÓW,94528,51.58144,19.58492
254179997,KRUSZYNA,91323,51.6618,21.66092
249200470,KRYNICA,6623,49.422477,20.955873
252229994,KRYNICA,93813,49.422477,20.955873
254190030,KRYNICA MORSKA,91523,54.384519,19.445436
249209980,KRYNICA-GÓRA PARKOWA,6624,49.415417,20.966051
250239987,KRYNICE,95916,50.575485,23.405943
253220170,KRYPNO KOŚCIELNE,92814,53.27948,22.87285
250180430,KRYWAŁD,95424,50.21388,18.64656
249190280,KRZECZÓW,96546,51.18604,18.7665
251160050,KRZEMIENIEWO,94248,51.858881,16.819056
250189999,KRZEPICE,95486,50.946294,18.6716
252190170,KRZEPOCINEK,93501,52.00319,19.10252
250199989,KRZESZOWICE,95508,50.137178,19.633891
250160180,KRZESZÓW,95250,50.370197,22.399188
252150090,KRZESZYCE,93130,52.58305,15.008357
253150220,KRZĘCIN,92106,53.06166,15.498285
253200210,KRZYNOWŁOGA MAŁA,92607,53.155151,20.794343
253149995,KRZYWIN GRYFICKI,92004,53.957897,15.23197
252150050,KRZYŻ,3202,35.296827,-90.771203
253229997,KRZYŻEWO,2805,54.30931,19.64922
250200170,KSIĄŻ WIELKI,95625,50.44351,20.14026
253209998,KSIĄŻNIK,92645,53.96711,20.07359
251170390,KSIĘGINICE,94353,51.23967,16.76376
250169989,KUDOWA ZDRÓJ,5251,50.436763,16.239157
250160450,KUDOWA-ZDRÓJ,95283,50.436763,16.239157
253190310,KULIGI,92556,57.01118,40.7587
250170070,KUP,95346,29.61539,71.17095
254190090,KUROWO BRANIEWSKIE,91550,54.22823,19.75002
253210270,KURPIE,92703,53.05519,21.75435
251210250,KURZACZE,94704,51.01153,21.37477
252160010,KUŹNICA CZARNKOWSKA,93253,52.94902,16.5149
249199963,KUŹNICE,6523,49.240216,20.002902
249199977,KUŹNICE,96593,49.240216,20.002902
250219993,KWASÓW,95728,50.44319,24.64166
251169996,KWIETNO,4205,51.1731,16.47314
249190240,LACHOWICE KRALE,96579,49.704922,19.454703
253229996,LACHOWO,92820,53.47141,22.02149
252229992,LACHÓWKA,93821,52.1913,27.1478
249190480,LALIKI,6551,-7.6808,126.33981
252150240,LASKI,93101,51.533272,19.080718
252210110,LASKI,93747,51.533272,19.080718
250169991,LASÓWKA,95212,50.30562,16.45185
250229992,LASZKI,95802,50.017665,22.892444
252179994,LĄD,93313,9.31229,7.94281
250160520,LĄDEK-ZDRÓJ,5208,50.343157,16.887797
254209998,LECHOWO,91609,41.4096,23.48657
252200120,LEGIONOWO,3603,52.404094,20.916252
351160415,LEGNICA,415,51.195349,16.173284
254200010,LELKOWO,91617,54.32458,20.2248
250190110,LELÓW,95563,50.68335,19.62562
253210190,LESINY WIELKIE,92714,53.38389,21.13057
349220690,LESKO,690,49.470263,22.327903
249190140,LESKOWIEC,6505,49.855434,19.345133
249220120,LESZCZOWATE,96819,49.50805,22.54669
252200260,LESZNO,93665,51.835578,16.522661
351160418,LESZNO,418,51.835578,16.522661
251150330,LEŚNA,94108,50.96667,20.91667
253189998,LEŚNA HUTA,92441,53.884012,18.082144
250189992,LEŚNICA,95447,50.614792,12.723519
250160470,LEWIN KŁODZKI,95217,50.40559,16.29101
250229995,LEŻAJSK,5805,50.264714,22.416235
354170125,LĘBORK,125,54.537419,17.747378
250190160,LGOTA GÓRNA,5504,50.6004,19.24238
249190030,LIBERTÓW,6501,49.97242,19.89461
253190220,LIDZBARK,2505,53.257965,19.82128
254200080,LIDZBARK WARMIŃSKI,1601,54.127519,20.58484
249199982,LIGASÓWKA-ZĄB,96580,49.33333,19.95
250180230,LIGOTA GÓRNA,95491,49.63581,18.45691
251170240,LIGOTA PIĘKNA,94312,51.70031,16.60851
250189985,LIGOTA TWORKOWSKA,95405,50.0239,18.2659
249200180,LIMANOWA,6605,49.704646,20.419862
253140130,LINIE,92010,52.4931,16.12334
250169986,LIPA,95273,13.9411,121.1631
249229984,LIPA,96847,13.9411,121.1631
250229999,LIPA,95836,13.9411,121.1631
253239988,LIPINA,92917,49.86048,17.79667
250180350,LIPINY,95435,51.31362,21.72831
249209995,LIPNICA DOLNA,96650,49.856838,20.552084
249190920,LIPNICA WIELKA,98501,49.507259,19.579459
253149998,LIPNIK (LIPKI),2003,49.526724,17.585728
249190290,LIPOWA,96540,50.7295,17.43485
254199995,LIPOWINA,1550,54.34314,19.98823
254180170,LISEWO,1406,53.294503,18.688467
254189991,LISEWO,91452,53.294503,18.688467
250219986,LISIA GÓRA,95707,50.59924,21.84118
251169998,LISIEC,94222,51.32498,16.04197
251180050,LISKÓW,94451,51.83313,18.39789
253150130,LISOWO,92119,56.9524,29.14
252229998,LIWSKIE MOSTY,93815,54.10135,15.09963
250160170,LUBACHÓW,95256,50.7718,16.43432
250239994,LUBACZÓW,5904,50.159679,23.12191
252189989,LUBANIE,93445,52.738364,18.899234
251159990,LUBAŃ,94118,51.120652,15.288064
254180160,LUBAŃ,91406,51.120652,15.288064
251220090,LUBARTÓW,94822,51.459236,22.608394
249219987,LUBATOWA,96754,49.552624,21.760759
253190120,LUBAWA,92523,53.503954,19.749814
251159983,LUBIATÓW,94161,50.5,17.07121
250170040,LUBICZ,95352,50.98848,19.94398
251199985,LUBIEŃ,94513,52.40199,15.98462
249190230,LUBIEŃ,96551,52.40199,15.98462
251150020,LUBIĘCIN,94159,51.89042,15.87662
252150130,LUBIKOWO,93128,52.54529,15.7031
251160190,LUBIN,94225,51.404953,16.199386
252150180,LUBINICKO-ŚWIEBODZIN,3104,52.23602,15.56739
351220495,LUBLIN-RADAWIEC,495,51.239457,22.567676
250189996,LUBLINIEC,5402,50.668183,18.688854
252150140,LUBNIEWICE,93151,52.560779,15.23778
251209988,LUBOCHNIA,94628,51.607151,20.055567
251150350,LUBOMIERZ,94103,51.026101,15.563296
250160120,LUBOMIN,95258,50.80561,16.20518
254200090,LUBOMINO,91603,54.065093,20.237043
252170340,LUBONIEC,93368,52.16286,17.19754
249190320,LUBOŃ WIELKI,6639,50.95,16.76667
250179993,LUBOTYŃ,95304,49.940696,35.921374
251149996,LUBSKO,94009,51.780098,14.96505
251190020,LUĆMIERZ,94553,51.86667,19.36667
251199999,LUĆMIERZ,4501,51.86667,19.36667
249200090,LUSŁAWICE,96651,49.85969,20.82805
252150160,LUTOL SUCHY,93117,52.33496,15.71931
251190090,LUTOSŁAWICE RZĄDOWE,94523,51.50043,19.57562
249220230,LUTOWISKA,96807,49.159425,22.634004
253170150,LUTÓWKO,92328,53.47266,17.44235
253200230,LUTRY,92654,46.503453,6.686783
250180330,ŁABĘDY,95436,50.317199,18.630268
253150070,ŁABĘDZIE,92129,53.65451,15.80821
252189986,ŁABĘDZIN,93455,52.822966,14.388138
252179984,ŁABISZYN,93358,52.951878,17.916386
249209971,ŁABOWA,6614,49.526344,20.855488
249200280,ŁABOWA,96662,49.526344,20.855488
250160140,ŁAGIEWNIKI,95259,50.623,20.79987
251170420,ŁANY,94355,50.44631,15.55626
250220190,ŁAŃCUT,95805,50.069843,22.233243
249200080,ŁAPANÓW,96649,49.865572,20.290518
249200460,ŁAPSZE NIŻNE,96611,49.397691,20.242182
253190110,ŁASIN,92524,6.43333,10.58333
251190070,ŁASK,94530,51.587033,19.1344
251200150,ŁAZISKA,4605,51.14266,21.846611
252220080,ŁAZÓW,93823,52.56628,22.37426
249200020,ŁAZY,6652,50.429191,19.397907
250190220,ŁAZY,95540,50.429191,19.397907
249200260,ŁĄCKO,6612,54.51993,16.61091
250179992,ŁĄKA,95315,4.20193,23.61258
354170120,ŁEBA,120,6.69015,-6.48747
250180080,ŁEBKI,95473,52.92142,20.38862
251220150,ŁĘCZNA,94816,51.303994,22.887957
251210060,ŁĘKAWICA,94730,52.1129,21.65388
251140040,ŁĘKNICA,94003,53.75585,16.30531
253210020,ŁĘŻANY,92739,53.968,21.14252
253179989,ŁOBŻENICA,2302,53.279697,17.317529
249190210,ŁODYGOWICE,96548,49.725382,19.14166
251209997,ŁOKIETKA,94620,51.4588,20.14589
251230020,ŁOMAZY,94926,51.901967,23.174404
252179992,ŁOMÓW,93308,52.11814,17.85147
249200320,ŁOPUSZNA,6616,49.88333,20.56667
252229996,ŁOSICE,93810,52.208749,22.714845
250179998,ŁOSIÓW,5350,50.792448,17.557872
252190150,ŁOWICZ,93507,52.107842,19.95202
250229984,ŁOWISKO,95816,50.302641,22.180844
251150130,ŁOZY,94137,51.9438,34.966
351190465,ŁÓDŹ-LUBLINEK,465,51.760932,19.460718
251199983,ŁÓDŹ-WIDZEW,94540,51.767913,19.565325
252150040,ŁUBIANKA,93140,53.133033,18.479122
250180260,ŁUBIE GÓRNE,95448,50.04389,22.99222
252209990,ŁUBIEC,93624,51.37563,19.1394
251229991,ŁUBKI,94851,52.58333,20.05
251170230,ŁUCZYNA,94315,49.71815,18.450831
251220020,ŁUKÓW,94838,51.931985,22.379575
254170090,ŁUPAWSKO,91351,54.27655,17.58911
249200530,ŁYSA POLANA,6631,51.39848,15.09064
251199986,ŁYSZKOWICE,94550,50.1753,20.20781
250190310,MACZKI,95521,50.2606,19.2635
252140190,MACZKÓW,93054,52.2732,14.74503
249199969,MAGURKA,96559,48.944,19.43169
250210160,MAJDAN KRÓLEWSKI,95763,50.377308,21.747218
250239993,MAJDAN WIELKI,95914,50.5433,23.27217
252220170,MAKARÓWKA,93805,52.1226,22.88301
250180410,MAKOSZOWY,95429,50.27063,18.77222
249190190,MAKÓW PODHALAŃSKI,6507,49.731271,19.673249
254199994,MALBORK,91503,54.036369,19.041944
254170050,MALCZKOWO,91329,54.422,17.38394
251160240,MALCZYCE,94216,51.219611,16.494043
250200080,MAŁOGOSZCZ,95644,50.787812,20.2165
253200090,MAŁSZEWO,92628,53.70072,20.89269
250199976,MAŁUSY WIELKIE,95569,50.79756,19.32134
253210060,MARADKI,92735,53.81246,21.13688
253220180,MARIANOWO,2804,53.14173,20.80562
253220330,MARIANOWO II,2858,53.38287,15.26645
252140150,MASZEWO,93002,52.138946,14.952346
253159996,MASZEWO,92121,52.138946,14.952346
250239983,MATCZE,95933,50.94902,23.96758
251210260,MAZANÓW,94702,51.00101,21.91395
249180070,MAZAŃCOWICE,96421,49.858364,18.977604
253170290,MĄKOWARSKO,92369,53.404207,17.811914
253179996,MĄKOWARSKO,92323,53.404207,17.811914
250190420,MĘTKÓW,95504,50.05251,19.37525
253220240,MĘŻENIN,92804,53.04183,22.02558
252160030,MIAŁY,93247,52.5465,64.32111
254160110,MIASTKO,1202,53.997846,16.968198
252219996,MIĄSE,93742,52.39682,21.441
252239996,MICHAŁKI,93902,53.42742,20.30345
252160150,MICHORZEWO,93229,52.37319,16.34972
252160330,MICHORZEWO II,93297,52.37226,16.35048
251220080,MICHÓW,94824,51.26267,15.95206
254159999,MIECHĘCINO,91105,54.11245,15.74615
250200210,MIECHÓW,5604,50.356994,20.030248
252209994,MIEDNIEWICE,93603,52.08293,20.30222
350210577,MIELEC,577,50.291943,21.435941
250210210,MIELEC,95765,50.291943,21.435941
253140150,MIELĘCIN,92003,53.07475,14.8998
253169992,MIELĘCIN,92204,53.07475,14.8998
253209987,MIELNO,2603,54.239236,15.952199
254160050,MIELNO,91214,54.239236,15.952199
250160310,MIEROSZÓW,95238,50.698539,16.232984
252149996,MIESZKOWICE,93016,50.38049,17.48882
251170180,MIĘDZYBÓRZ,94319,53.77844,17.00066
249190130,MIĘDZYBRODZIE BIALSKIE,6506,49.78747,19.19741
250160630,MIĘDZYGÓRZE,95207,50.228846,16.762368
250160650,MIĘDZYLESIE,95202,52.72397,17.00821
251220010,MIĘDZYRZEC PODLASKI,94842,51.989004,22.776237
252150150,MIĘDZYRZECZ,93123,52.447043,15.58091
249180570,MIĘDZYRZECZE GÓRNE,96456,49.84405,18.94157
253230190,MIKASZÓWKA,92954,53.89068,23.39679
252239994,MIKŁASZE,93912,52.72302,23.31627
252190060,MIKOŁAJEWO,93550,52.87806,16.4119
353210280,MIKOŁAJKI,280,53.13359,21.97437
250189978,MIKOŁÓW,95422,50.168434,18.894593
254170060,MIKOROWO,91352,54.41824,17.58188
253210360,MIKOSZE,92757,53.80799,21.92225
251199998,MIKULIN,94554,50.87772,22.18209
253179999,MILACHOWO,92358,53.537499,17.208367
251199990,MILEJÓW,94518,51.227316,22.909892
251170140,MILICZ,94326,51.524598,17.279019
249190410,MILÓWKA,96521,49.9192,20.79074
252160040,MIŁKOWO,93248,41.51667,24.68333
250159996,MIŁKÓW,95111,50.2,22.88333
250219985,MIŁOCIN,95708,51.26857,22.31952
254180180,MIŁORADZ,91401,54.011643,18.920352
254189995,MIRACHOWO,91423,54.39503,18.0274
251180150,MIRKÓW,94450,51.26179,18.41247
250229991,MIROCIN,5850,50.038373,22.559405
253160130,MIROSŁAWIEC,92210,53.332681,16.138748
250150510,MIRSK,95137,50.900747,15.419404
249200360,MIZERNA,6636,49.45892,20.29106
353200270,MŁAWA,270,53.116632,20.376187
250160540,MŁOTY,95278,50.30107,16.54026
249230010,MŁYNY,96902,50.20388,33.94753
250209982,MNISZEK,95639,52.38405,19.52327
252190050,MOCHOWO,93535,52.78341,19.544074
352200362,MODLIN,362,52.443951,20.704975
252189990,MODZEROWO,93421,52.64531,19.18372
250180440,MODZURÓW,95421,50.15592,18.13202
252179986,MOGILNO,93342,52.661741,17.941556
253190230,MOKRY LAS,92553,50.99249,20.04707
253220150,MOŃKI,92818,53.405006,22.798837
253220310,MOŃKI,92852,53.405006,22.798837
250209977,MORAWICA,95641,50.719251,20.657552
252220160,MORDY,93809,52.163154,22.528873
249200910,MORSKIE OKO,6634,7.47444,3.7875
249200560,MORSKIE OKO,96660,7.47444,3.7875
252149997,MORYŃ,93022,53.8712,25.6957
252160180,MOSINA,93222,52.24263,16.850586
251230050,MOSTY,94921,53.4122,24.5387
251199988,MOSZCZENICA,94524,51.496804,19.69375
253170280,MOTYL,92368,48.781006,18.619287
253210340,MRĄGOWO,92755,53.863298,21.298429
251200190,MROCZKÓW,94609,51.14048,20.70725
249189999,MSZANA,96429,49.82974,23.795968
249209986,MSZANA DOLNA,6607,49.673561,20.078283
249200980,MSZANA DOLNA,6669,49.673561,20.078283
251200010,MSZCZONÓW,94643,51.971076,20.521899
250190330,MURCKI,95513,50.21175,19.029349
249200490,MUSZYNA,6628,49.353853,20.895924
249229992,MYCZKOWCE,96813,49.43811,22.41048
250150140,MYSŁAKOWICE,95119,50.849046,15.782904
250160080,MYSŁAKÓW,95262,50.85758,16.65198
250190540,MYSZKÓW,95553,50.57488,19.340572
253210210,MYSZYNIEC,2750,51.87427,16.00159
249199995,MYŚLENICE,97513,49.833548,19.939914
252140020,MYŚLIBÓRZ,93023,52.925587,14.86632
254199997,MYŚLIWIEC,91516,53.28596,18.99322
250209996,NAGŁOWICE,95637,50.65333,20.142985
252170170,NAGRADOWICE,93319,52.32152,17.14819
251229993,NAŁĘCZÓW,4805,51.313315,22.233183
251170290,NAMYSŁÓW,4304,51.07221,17.723794
252230040,NAREW,93920,52.914186,23.518925
252230230,NAREW ATSO,93954,52.914186,23.518925
252230240,NAREWKA,93953,52.83311,23.76283
252230060,NAREWKA,93918,52.83311,23.76283
250230090,NAROL,95907,33.66033,74.14173
252150310,NĄDNIA,93155,52.24724,15.88115
249200420,NIEDZICA,6654,49.411651,20.305279
250169988,NIEDŹWIEDNIK,95230,50.58357,16.94033
253210150,NIEDŹWIEDZIE,92720,53.60731,21.81007
249209983,NIEDŹWIEDŹ,96625,53.36882,18.39037
252210090,NIEGÓW,93770,52.51016,21.38609
252219997,NIEGÓW,3703,52.51016,21.38609
250230020,NIELISZ,5952,50.803584,23.074963
250160230,NIEMCZA,95249,50.687061,16.827762
250170740,NIEMODLIN,95364,50.640121,17.615956
252229993,NIEMOJKI,93812,52.26637,22.69775
250160640,NIEMOJÓW,95201,50.17173,16.56077
252209997,NIEPOKALANÓW,3606,52.20453,20.4196
254170220,NIESIOŁOWICE-RZEPISKA,91357,54.20665,17.85013
254170130,NIEZABYSZEWO,91310,54.1373,17.42277
250190020,NIEZNANICE,95575,50.91948,19.30933
253179994,NIEŻYCHOWO,92308,53.14373,17.15671
253219996,NIKUTOWO,2701,53.83995,21.30155
250199982,NIWKA,95518,53.55492,16.19713
250180070,NIWKI,95490,51.05607,17.5668
252160090,NOJEWO,93240,52.60638,16.31219
250210020,NOSÓW,95752,52.16027,23.01317
250190360,NOWA GÓRA,95511,53.51141,18.95248
250169993,NOWA MORAWA,95206,50.23952,16.90487
254190020,NOWA PASŁĘKA,91526,54.43012,19.76917
250169995,NOWA RUDA,95228,50.580631,16.501527
250160370,NOWA RUDA-SŁUPIEC,95227,50.580631,16.501527
250210040,NOWA SŁUPIA,95750,50.879326,21.114282
251150050,NOWA SÓL,94166,51.801948,15.715388
252209992,NOWA SUCHA,93609,52.154595,20.210103
251229998,NOWA WIEŚ,4803,52.24976,18.55828
251220110,NOWA WIEŚ,94853,52.24976,18.55828
252170260,NOWA WIEŚ PODGÓRNA,93310,52.15477,17.60095
253169989,NOWA WIEŚ UJSKA,2203,53.03369,16.74679
252180020,NOWA WIEŚ WIELKA,93453,52.975252,18.098408
252180340,NOWA WIEŚ WIELKA II,93463,52.975252,18.098408
253239994,NOWA WOLA,92901,51.42001,22.72316
249190640,NOWE BYSTRE,96509,49.33821,19.92328
249199981,NOWE BYSTRE-SŁODYCZKI,96582,51.708775,17.997508
252230080,NOWE MASIEWO,93917,52.81667,23.91667
252209987,NOWE MIASTO,93640,50.079863,14.425211
253190150,NOWE MIASTO,92520,50.079863,14.425211
254190240,NOWE SADŁUKI,91551,53.87198,19.11977
253230210,NOWINKA,92955,53.940964,23.017053
253150060,NOWOGARD,92130,53.665537,15.122561
251150220,NOWOGRODZIEC,94123,51.221656,15.305029
253219995,NOWOGRÓD,92709,51.31187,22.80446
251150030,NOWOGRÓD BOBRZAŃSKI,94154,51.809073,15.243334
252239999,NOWOSADY,93915,53.00509,23.22369
252230010,NOWOSADY,93923,53.00509,23.22369
249220090,NOWOSIELCE,96850,50.058626,22.400824
253230170,NOWOSIÓŁKI,92952,54.9242,27.2467
253230150,NOWOSIÓŁKI,92912,54.9242,27.2467
249220110,NOWOTANIEC,96817,49.51239,22.03222
253239987,NOWOWOLA,92924,53.47824,23.39799
253220280,NOWY CYDZYN,2855,53.238786,22.150457
249190330,NOWY DWÓR,6510,50.0589,17.87167
253239985,NOWY DWÓR,92929,50.0589,17.87167
252209998,NOWY DWÓR MAZOWIECKI,93633,52.428542,20.718771
253199990,NOWY FOLWARK,92539,50.96459,23.46748
250160570,NOWY GIERAŁTÓW,95211,50.30414,16.95499
253180170,NOWY JASINIEC,92418,53.34808,18.03525
250230120,NOWY LUBLINIEC,5905,50.29467,23.09483
253200070,NOWY RAMUK,92631,-10.2117,120.5026
349200660,NOWY SĄCZ,660,49.609222,20.704141
254190130,NOWY STAW,91510,51.38479,22.55969
249200960,NOWY TARG-KOWANIEC,96668,49.479386,20.030352
254189993,NOWY WIEC,91407,54.12534,18.35133
249209998,NOWY WIŚNICZ,96653,49.875632,20.437976
249210120,NOWY ŻMIGRÓD,96719,49.60219,21.524667
252230160,NURZEC,93906,52.62417,23.12704
250170230,NYSA,95325,50.473485,17.335455
249190520,OBIDOWA,6516,49.54878,20.01948
254170030,OBJAZDA,91335,51.11457,17.74129
250200350,OBLĘGOREK,95665,50.95383,20.48367
250200030,OBLĘGÓR,95652,50.95599,20.46397
251160220,OBORNIKI ŚLĄSKIE,94221,51.302769,16.909988
252160080,OBORNIKI WIELKOPOLSKIE,93241,52.650253,16.822426
252160320,OBORNIKI WIELKOPOLSKIE II,93296,52.650253,16.822426
250229996,OBSZA,95817,50.322547,22.99382
249180080,OCHABY,96419,49.84252,18.76894
249209981,OCHOTNICA DOLNA,96621,49.525375,20.320162
249200290,OCHOTNICA GÓRNA,96620,49.516269,20.254016
253189991,OCYPEL,92437,53.80955,18.31426
251170130,ODOLANÓW,94327,51.59986,17.615446
251200110,ODRZYWÓŁ,94622,50.38335,20.53324
253229989,OGRÓDEK,92831,53.80807,22.10145
250190340,OJCÓW,95515,50.2079,19.82933
251159994,OKMIANY,94127,51.26245,15.78856
253160080,OKONEK,92219,53.578756,16.799284
250209997,OKSA,95638,41.916236,-85.059057
254169996,OKUNINO,91204,54.0662,16.94972
254220090,OLECKO,1802,54.03443,22.50124
250189970,OLESNO,95480,50.878627,18.424983
250209990,OLESNO,5607,50.878627,18.424983
250190290,OLEWIN,5506,50.27914,19.60665
250199993,OLKUSZ,5519,50.280798,19.563037
252229995,OLSZANKA,93807,50.783805,17.473477
253200060,OLSZEWKI,92650,53.67292,20.99507
353200272,OLSZTYN,272,53.771028,20.494758
252230180,OLSZYN,93951,52.12578,23.38158
250170030,OŁAWA,95353,50.934351,17.303287
250179999,OŁAWA,5310,50.934351,17.303287
250160510,OŁDRZYCHOWICE KŁODZKIE,95216,50.364886,16.712183
250199997,OŁUDZA,95554,50.5611,19.7481
252169990,OPALENICA,93225,52.31264,16.402711
252199999,OPATOWIEC,93527,51.23333,18.10006
250159997,OPAWA,95101,49.940163,17.898508
252190140,OPIESIN,93551,51.62047,18.94102
252199996,OPIESIN-GŁOGOWA,3550,51.62047,18.94102
251200130,OPOCZNO,94651,51.377071,20.279404
251209999,OPOCZNO,4603,51.377071,20.279404
350170530,OPOLE,530,50.680581,17.96019
251219997,OPOLE LUBELSKIE,4706,51.147839,21.974477
251210190,OPOLE LUBELSKIE,94742,51.147839,21.974477
254209996,ORNETA,91605,54.114437,20.134328
250180630,ORZECH,95495,50.425366,18.924092
249210160,ORZECHÓWKA,96757,54.00574,22.36534
250180480,ORZESZE,95416,50.155506,18.778102
252230130,ORZESZKOWO,93911,52.55172,16.10184
252210260,ORZESZYN,93702,52.02773,21.08903
253210070,ORZYSZ,92734,53.801131,21.94255
251160110,OSETNO,94234,51.63655,16.45578
253180120,OSIE,92427,53.59918,18.34373
249199999,OSIEK,96574,49.942848,19.290331
249190270,OSIELEC,96545,49.67239,19.765806
253180210,OSIELSKO,92409,53.18471,18.077704
250179989,OSINA MAŁA,95358,50.57849,17.04143
252140030,OSINÓW DOLNY,93019,52.84964,14.14627
251180160,OSJAKÓW,94416,51.28946,18.79151
253220120,OSOWIEC,92822,51.76097,18.77634
251210220,OSÓWKA,94706,52.88177,19.56768
253160020,OSÓWKO,92253,53.8986,16.08885
353210285,OSTROŁĘKA,285,53.082955,21.594487
253210310,OSTROŁĘKA,92740,53.082955,21.594487
250160320,OSTROSZOWICE,95281,50.640727,16.639717
250160330,OSTROSZOWICE,5204,50.640727,16.639717
253159998,OSTROWICE,92128,53.63924,15.97652
250210010,OSTROWIEC ŚWIĘTOKRZYSKI,95753,50.943363,21.383383
253190160,OSTROWITE,92519,52.391276,18.013358
253190260,OSTROWITE,92503,52.391276,18.013358
254189992,OSTROWITE,91414,52.391276,18.013358
252199997,OSTROWY,3506,52.46667,18.75
250219991,OSTROWY TUSZOWSKIE,95723,50.31785,21.65174
252219999,OSTRÓW MAZOWIECKA,93759,52.801894,21.899527
251170120,OSTRÓW WIELKOPOLSKI,94329,51.644864,17.804784
251170160,OSTRZESZÓW,94321,51.423325,17.92659
251170430,OSTRZESZÓW II,94356,51.423325,17.92659
252140110,OŚNO LUBUSKIE,93008,52.452785,14.939969
250190440,OŚWIĘCIM,95503,50.0315,19.247577
250170250,OTMUCHÓW,5305,50.466376,17.173544
251199987,OZORKÓW,94548,51.960672,19.287528
250229993,OŻAŃSK,5806,50.02175,22.57227
251189993,OŻARÓW,94408,50.886418,21.662173
250170220,PACZKÓW,95324,50.462025,17.005869
250150240,PACZYN,95104,50.74047,15.9094
253200050,PAJTUNY,92634,53.73167,20.69596
252180060,PAKOŚĆ,93446,52.807056,18.089374
252160160,PAPROĆ,3204,52.29861,16.1614
250150250,PAPROTKI,5106,50.72841,15.95181
254190160,PASŁĘK,91507,54.061405,19.659496
250160420,PASTERKA,95222,50.49006,16.32637
251159997,PASTERZOWICE,4150,51.5976,15.55914
250189977,PAWŁOWICZKI,95425,50.245906,18.047941
251209990,PETRYKOZY,94615,51.29987,20.36294
249190310,PEWEL MAŁA,96541,49.66285,19.27774
249199989,PEWEL WIELKA,96542,49.67457,19.37482
251220160,PIASKI,94810,51.863156,17.101567
252209991,PIASTÓW,93612,52.180028,20.83741
254179992,PIASZCZYNA,91302,54.02128,17.16957
249199985,PIEKŁO,96514,19.38333,-81.41667
250170380,PIELGRZYMÓW,95307,50.17701,17.6619
254209997,PIENIĘŻNO,91611,54.22601,20.209489
251150210,PIEŃSK,94126,51.247245,15.048006
251169985,PIERSNA,94254,51.62776,16.27609
251159987,PIESZKÓW,94117,51.34015,16.24004
251230070,PIESZOWOLA,94917,51.49881,23.16399
253190080,PIETRZWAŁD,92526,53.93445,19.0981
251149998,PIETRZYKÓW,94005,52.19821,17.73763
250220010,PILASZKOWICE,95850,50.99336,22.85392
252210280,PILAWA,93775,50.98448,16.73647
250150050,PILCHOWICE,95133,50.216189,18.56194
251200260,PILCZYCA,94603,50.94107,19.90457
250190210,PILICA,95543,43.94197,19.63448
252180140,PILICH,93457,52.49799,18.29824
249210010,PILZNO,96743,49.734736,13.375817
353160230,PIŁA,230,53.15931,16.758925
253160210,PIŁAWA,92257,50.98448,16.73647
250160280,PIŁAWA GÓRNA,95242,50.6808,16.748002
251210110,PIONKI,94721,51.474926,21.444696
251190120,PIOTRKÓW TRYBUNALSKI,94519,51.402249,19.600026
252170220,PIOTROWO,93316,54.19324,18.14467
250219973,PIÓRKÓW,95759,50.79698,21.15847
253229993,PISANICA,2853,53.82127,22.57305
253210110,PISZ,92727,53.628015,21.808579
249200410,PIWNICZNA,6619,49.424712,20.723999
249200920,PIWNICZNA,6655,49.424712,20.723999
250190180,PIWOŃ,95546,36.806,126.8168
252229997,PLATERÓW,3802,55.3676,26.9583
252220150,PLATERÓW,93855,55.3676,26.9583
251179993,PLESZEW,94343,51.891777,17.785309
251190140,PLUCICE,94551,51.20156,19.60201
251150310,PŁAWNA,94112,50.83543,17.08923
253170130,PŁAZOWO,92335,53.53185,17.9447
352190360,PŁOCK,360,52.553964,19.702881
253150210,PŁOTNO,92107,53.09035,15.29906
253150040,PŁOTY,92136,53.99839,35.39202
251159993,PŁÓCZKI DOLNE,4105,51.10343,15.55543
250189990,PŁUŻNICZKA,5450,50.4734,18.48587
254210040,PNIEWO,91706,53.2202,14.48415
252169998,PNIEWY,93238,52.509511,16.256855
250150030,POBIEDNA,95129,51.61887,20.6004
252170120,POBIEDZISKA,93330,52.476865,17.282681
252160020,PODANIN,93254,52.95205,16.94469
251180040,PODDĘBICE,94442,51.894739,18.956665
253220230,PODGÓRZE,92806,50.015684,19.966617
253140030,PODGRODZIE,92024,49.44266,24.59584
250239988,PODHAJCE,95913,50.80182,24.47406
252140170,PODOŚNO,93052,52.465615,14.826303
250160460,PODZAMEK,95219,50.43368,16.74406
250170260,POGÓRZE,95322,50.46706,17.69554
250179994,POKÓJ,5301,32.40875,-86.77109
249220220,POLANA,96808,51.39848,15.09064
249190670,POLANA CHOCHOŁOWSKA,6525,49.651626,20.269831
250160490,POLANICA-ZDRÓJ,95298,50.40575,16.510263
253239997,POLANKI,92918,49.27669,22.40822
250209989,POLANOWICE,95614,52.64134,18.28942
254160080,POLANÓW,91207,54.125957,16.583108
251160150,POLKOWICE DOLNE,4202,51.507775,16.072649
250219979,POŁANIEC,95730,50.429372,21.277972
253169997,POŁCZYN-ZDRÓJ,2201,53.765477,16.096179
254239998,POMORZE,91903,54.28697,17.958959
249199997,PONIKIEW,96565,52.72608,21.12443
250189980,POPIELÓW,95406,52.41334,21.9463
253239998,POPIOŁÓWKA,92920,53.39196,23.11988
253150050,PORADZ,92132,53.70259,15.60792
250199998,PORAJ,95562,51.25311,20.25089
249199996,PORĄBKA,96564,50.33407,19.80715
250199979,PORĘBA,95547,50.486408,19.337748
249200510,PORONIN,6629,49.339028,20.004133
249200930,PORONIN,6656,49.339028,20.004133
250209984,POSZYNA (KŁAJ),95663,49.994725,20.297571
252200060,POŚWIĘTNE,3602,51.534533,20.347943
250230050,POTURZYN,95915,50.56242,23.9379
253219991,POWAŁCZYN,92728,53.64165,21.18196
252170150,POWIDZ,93325,52.412778,17.917382
253169998,POWOJEWO,92228,53.78333,16.91667
352160330,POZNAŃ-ŁAWICA,330,52.396172,16.916073
253150150,POŹRZADŁO WIELKIE,92116,53.3666,15.87762
249200210,PÓŁRZECZKI,96630,49.65341,20.21394
253190070,PRABUTY,2503,53.752835,19.209952
253220060,PROSTKI,92829,53.698431,22.433459
250179996,PRÓSZKÓW,95332,51.16481,16.53391
249229988,PRUCHNIK,96839,49.904883,22.463485
250170320,PRUDNIK,5307,50.321217,17.576254
250170530,PRUDNIK,95360,50.321217,17.576254
253159990,PRUSIM,92135,52.5791,16.0055
250209986,PRUSY,95606,52.8866,27.4291
252200210,PRUSZKÓW,93662,52.17072,20.81214
253209993,PRZASNYSZ,2605,53.018037,20.888847
252170080,PRZEBĘDOWO,93337,54.32106,20.18153
253179984,PRZECHLEWO,92349,53.797778,17.254302
253220110,PRZECHODY,2854,53.8498,24.7288
251190160,PRZEDBÓRZ,94506,52.66045,20.05211
252209999,PRZEDWOJEWO,3601,52.92074,20.65796
252200010,PRZEDWOJEWO,93659,52.92074,20.65796
251220030,PRZEGALINY DUŻE,94835,51.83333,22.88333
250199981,PRZEGINIA,95519,50.233646,19.708126
251150160,PRZEJĘSŁAW,94133,51.36567,15.41708
253150190,PRZELEWICE,2102,53.111432,15.113543
254229999,PRZEŁOMKA,91851,54.26335,22.78062
349220695,PRZEMYŚL,695,49.784234,22.775079
254210050,PRZERWANKI,91704,54.13012,21.92273
251159986,PRZESIECZANY,94122,51.20654,15.14728
250150210,PRZESIEKA,95110,50.81179,15.66856
250230040,PRZEWALE,95917,50.61559,23.63086
250170120,PRZEWORNO,95337,50.686084,17.167517
250229986,PRZEWORSK,95804,50.060272,22.497358
250189969,PRZYSTAJŃ,95481,50.881792,18.686649
251209989,PRZYSUCHA,94617,51.359001,20.625778
249219999,PSTRĄGOWA,96740,49.94514,21.75207
251220180,PSZCZELA WOLA,94808,52.23632,20.957771
249180010,PSZCZYNA,5409,49.978135,18.945627
250160090,PSZENNO,5250,50.857902,16.539597
253210180,PTAKI,92715,53.39287,21.7951
253210290,PTAKI,92752,53.39287,21.7951
249200240,PTASZKOWA,6609,52.22534,16.44524
251190050,PUCZNIEW,4503,51.78526,19.06733
251210120,PUŁAWY,4705,51.460084,21.973686
249210210,PUŁAWY DOLNE,96751,51.460084,21.973686
252210050,PUŁTUSK,3701,52.701282,21.081135
253149994,PYRZYCE,92008,53.145978,14.894278
249200190,RABA NIŻNA,96664,49.64362,20.03426
249190470,RABA WYŻNA,96527,49.567007,19.878864
249229991,RABE,96810,-2.8801,119.9098
249190370,RABKA,6512,49.605036,19.967239
252200030,RACIĄŻ,93643,52.725944,20.111471
253210120,RACIBÓR,92724,49.255091,19.339968
350180540,RACIBÓRZ,540,50.086056,18.217176
250170540,RACŁAWICE ŚLĄSKIE,95361,50.309488,17.764177
253220020,RACZKI,92844,51.02137,19.8971
250220180,RADAWA,95807,50.13323,22.76762
251219999,RADOM,4708,51.389567,21.027829
351219994,RADOM,485,51.389567,21.027829
251160030,RADOMICKO,94252,51.95342,16.53657
251199993,RADOMSKO,94505,51.06713,19.44477
251169986,RADOMYŚL,94249,50.50334,29.223596
250210230,RADOMYŚL WIELKI,95715,50.175007,21.212686
253180020,RADOSTOWO,2401,53.9898,18.74289
252180310,RADOSZEWICE,3408,52.3713,18.71864
251209992,RADOSZYCE,94606,51.027495,20.300318
249190890,RADZIECHOWY,6552,49.646185,19.141792
250200250,RADZIEMICE,95616,50.25434,20.23647
253220130,RADZIŁÓW,92819,53.411193,22.409793
249190050,RADZISZÓW,96573,49.938126,19.810987
251160320,RADZYŃ,4251,51.782296,22.625458
251220040,RADZYŃ PODLASKI,94898,51.782296,22.625458
251229999,RADZYŃ PODLASKI,4801,51.782296,22.625458
253180160,RADZYŃ-FIJEWO,92421,51.78255,22.70758
249190540,RAJCZA,96515,49.480639,19.073965
250210110,RAKÓW,95740,53.9674,27.0562
250219975,RANIŻÓW WILKI,95756,53.93333,20.35
253229995,RANTY,92840,53.93151,22.03944
250180150,RASZOWA,95461,50.59921,18.12803
249190610,RATUŁÓW,96590,49.351069,19.914366
249199962,RATUŁÓW,6550,49.351069,19.914366
253159999,REDŁO,2150,53.77504,15.96632
253209985,REKOWNICA,92621,53.47077,20.81349
353150210,RESKO-SMÓLSKO,210,53.770528,15.401753
254180080,RĘBISKA,91425,54.431073,18.33754
250150060,RĘBISZÓW,95130,50.95065,15.45016
250159995,RĘDZINY,95115,50.97248,19.62629
254190230,ROGITY,91530,54.38606,19.87049
252160060,ROGOŹNO,93345,52.749687,16.990507
250170210,ROGÓW OPOLSKI,95327,50.51819,17.93928
251190060,ROKICINY,94533,51.657935,19.797841
250180310,ROKITNICA,95440,51.56901,19.24109
253190240,ROKITNICA,92508,51.56901,19.24109
252150290,ROKITNO,93154,51.253637,27.223343
253209986,ROMANY-SEBORY,92604,53.10692,20.85754
250210250,ROPCZYCE,95706,50.05359,21.613728
251189996,ROSZKOWICE,94406,51.11236,18.26838
250160250,ROŚCISZÓW,95246,50.70896,16.5485
253199992,ROZAJNY,92531,53.656,19.04214
249200120,ROZDZIELE,96645,49.64451,21.29236
254180010,ROZEWIE,1401,54.82017,18.34674
253210170,ROZOGI,92719,53.79142,21.1273
249190260,ROZTOKI,96543,51.75268,15.08112
249220290,ROZTOKI GÓRNE,96801,49.15555,22.31564
253170110,ROZWORY,92336,53.09351,21.73834
249209991,ROŻNÓW,6604,50.69526,17.22502
251180230,ROŻNÓW,94403,50.69526,17.22502
253200160,RÓG,92615,41.015158,-73.676996
253230020,RÓŻANYSTOK,2901,53.6343,23.40621
253170030,RÓŻKI-DĘBIE,92355,48.48959,39.27881
253199994,RUDA,92507,50.282576,18.862575
250220150,RUDA ŁAŃCUCKA,95851,50.282576,18.862575
251230110,RUDA OPALIN,94911,51.28333,23.7
250230110,RUDA RÓŻANIECKA,95905,50.321629,23.179677
251160140,RUDNA,94228,51.540346,16.365101
250229997,RUDNIK,95824,50.149595,18.170689
249180090,RUDZICA,96420,52.25742,18.31524
253199998,RUDZIENICE,92530,53.63152,19.66717
253180130,RULEWO,92426,53.55194,18.60758
253209996,RUMY,92637,53.76146,20.92436
254209995,RUNOWO,91607,52.79197,17.04752
251209994,RUSINÓW,94652,50.19712,18.8437
251200140,RUSZKOWICE,94659,51.33954,20.65563
254229996,RUTKA TARTAK,91818,54.32298,22.97241
252210290,RYBIENKO,93777,52.57624,21.46035
250180510,RYBNIK,95493,50.086122,18.535946
250180520,RYBNIK,5408,50.086122,18.535946
252239993,RYBOŁY,93921,52.93427,23.26385
249220070,RYBOTYCZE,96826,49.65571,22.6461
249190580,RYCERKA GÓRNA,96511,49.44436,19.01596
253199995,RYCHLIKI,2501,53.98501,19.52794
251170260,RYCHTAL,94308,51.14917,17.855592
250190230,RYCZÓW,95541,50.4272,19.5965
252160050,RYCZYWÓŁ,93249,52.814042,16.82917
250180540,RYDUŁTOWY,95409,50.06488,18.421522
250200050,RYKOSZYN,95647,50.858495,20.387423
253210030,RYN,92738,17.94899,-76.33283
251159988,RZĄSINY,94115,51.0804,15.43746
251199992,RZEJOWICE,94507,51.09234,19.69481
350220580,RZESZÓW-JASIONKA,580,50.101137,22.047726
252189988,RZESZYN,93432,52.54849,18.31593
252219986,RZEWNIE,93760,52.83068,21.34407
251200160,RZUCÓW,94658,51.28314,20.73648
251200050,SADKOWICE,94633,51.706435,20.550215
250210080,SADKÓW,95745,51.30405,17.31762
250219972,SADKÓW,5752,51.30405,17.31762
252210060,SADOWNE,93753,52.648695,21.856712
250239985,SAHRYŃ,95919,50.68119,23.7994
249220190,SAKOWCZYK,96852,50.894328,15.940935
254199993,SAŁKOWICE,91505,54.05915,19.78753
253179992,SAMOKLĘSKI,92305,49.60667,21.46639
350210585,SANDOMIERZ,585,50.688761,21.732704
251140110,SANICE,94013,51.41019,14.97877
249220080,SANOK-TREPCZA,6805,49.564924,22.19934
252159993,SANTOK,93135,52.73785,15.41021
251210290,SARNÓWEK DUŻY,94751,51.00934,21.43924
250229989,SARZYNA,95819,50.320608,22.321987
251239994,SAWIN,94910,18.47706,96.62542
254219998,SĄTOPY-SAMULEWO,91703,54.07392,21.02663
254230020,SEJNY,91904,54.108051,23.347515
252219988,SEROCK,93745,51.56961,22.53321
252210250,SEROCZYN,93769,52.01146,21.9203
252219992,SEROCZYN,3707,52.01146,21.9203
250200140,SĘDZISZÓW,95633,50.562596,20.041015
253160010,SĘPOLNO WIELKIE,92234,53.94939,16.78192
253200020,SĘTAL,92641,35.5341,64.55297
254220050,SIDORY,91850,58.9775,49.97972
249190360,SIDZINA,96534,49.614287,19.737971
352220385,SIEDLCE,385,52.171888,22.274722
250189994,SIEDLEC,95455,51.61663,14.76683
253210010,SIEDLISKA,91701,50.16398,20.21699
251150260,SIEKIERCZYN,94119,51.127976,15.185709
250200020,SIEKIERNO,95656,50.98333,20.95
250200220,SIELEC,5605,51.34589,20.39492
251179999,SIELEC STARY,94330,51.6595,17.14953
251180190,SIEMIANICE,94409,54.49911,17.06084
250190560,SIEMIANOWICE ŚLĄSKIE,95585,50.299289,19.029842
252229999,SIEMIATYCZE,93818,52.427225,22.867594
251180180,SIEMKOWICE,94410,51.202819,18.900783
249199986,SIENIAWA,6517,49.656685,30.486656
250229985,SIENIAWA,95809,49.656685,30.486656
250140020,SIENIAWKA,95001,50.1492,23.29368
252210220,SIENNICA,93708,52.080827,21.629493
249190060,SIEPRAW,96571,49.907666,19.960028
251180090,SIERADZ,4401,51.593984,18.721439
251180350,SIERADZ-DZIGORZEW,4404,51.593984,18.721439
253140180,SIERAKOWO,92053,52.78065,20.16386
254160060,SIERAKOWO,91211,52.78065,20.16386
250189997,SIERAKÓW,95476,52.648558,16.08722
249201010,SIERCZA,6670,49.974022,20.026734
253189996,SIEROSŁAW,92425,52.4039,16.67696
252190020,SIERPC,93540,52.849807,19.668173
250190030,SILNICZKA,5501,50.92664,19.76517
253160070,SILNOWO,92222,53.63365,16.49257
252210180,SINOŁĘKA,93768,52.22227,21.89811
252219995,SINOŁĘKA,3705,52.22227,21.89811
251170070,SKAŁÓW,94336,51.80469,17.38621
251210140,SKARYSZEW,94715,51.254532,21.30669
251200210,SKARŻYSKO KAMIENNA,94655,51.117344,20.864338
252190010,SKĘPE (WYMYŚLIN),93539,52.886906,19.417179
250230010,SKIERBIESZÓW,95928,50.848938,23.363777
251200030,SKIERNIEWICE,4601,51.894202,20.129898
249180120,SKOCZÓW,96416,49.796862,18.791348
252179991,SKOKI,93343,51.54004,21.8561
250219974,SKOLANKOWSKA WOLA,95758,52.23632,20.957771
251180380,SKOMLIN,94456,51.169513,18.383826
251199994,SKOTNIKI,94511,52.24029,17.51943
251220130,SKOWIESZYNEK,94854,51.31372,22.01
250200120,SKRONIÓW,5602,50.62899,20.25716
253190280,SKRWILNO,92502,53.018378,19.621901
250209988,SKRZESZOWICE,95615,50.18903,20.14752
252179987,SKRZETUSZEWO,93335,52.55804,17.34887
249190690,SKRZYCZNE,96591,49.684574,19.030274
249199961,SKRZYCZNE,6508,49.684574,19.030274
250239996,SKWARKI,95909,52.98362,22.8013
252150110,SKWIERZYNA,93131,52.594156,15.501808
252150280,SKWIERZYNA,93153,52.594156,15.501808
251230040,SŁAWATYCZE,94924,51.764352,23.555058
253200150,SŁAWKOWO,92616,52.97696,21.30276
254160030,SŁAWNO,91219,54.355923,16.675745
253150030,SŁAWOBORZE,92140,53.890827,15.709304
252170030,SŁĘBOWO,93353,52.85343,17.60744
252170350,SŁĘBOWO II,93369,52.85343,17.60744
254190150,SŁOBITY,91512,54.14351,19.78252
253169999,SŁOSINKO,92235,53.94427,16.98624
250160480,SŁOSZÓW,5254,50.40945,16.36302
251200120,SŁOWIKÓW,94653,50.89934,16.02451
352140310,SŁUBICE,310,52.354982,14.564344
254170250,SŁUCHOWO,91358,54.78119,17.96642
252170190,SŁUPCA,3304,52.290494,17.874047
250199985,SŁUPIA,5503,51.85613,19.987058
252179993,SŁUPIA WIELKA,3306,52.21797,17.21952
252219989,SŁUPNO,93741,52.507193,19.836399
254170190,SŁUPSK,91356,54.463657,17.019334
254179998,SŁUPSK,1303,54.463657,17.019334
254179999,SŁUPSK,1350,54.463657,17.019334
254160120,SŁUPSK II,91253,54.463657,17.019334
249190570,SMEREKÓW MAŁY,96513,49.375411,20.577002
254239999,SMOLANY,91907,54.18194,23.19686
251170090,SMOLICE,4302,52.10026,19.04446
249229986,SMOLNIK,6810,56.237314,14.835161
254170020,SMOŁDZINO,91340,54.657002,17.209224
253170240,SMUKAŁA,92365,53.20235,17.97733
250209999,SNOCHOWICE,95651,50.95669,20.3169
252179985,SOBIEJUCHY,93356,52.91035,17.71408
252180070,SOBIESIERNIE,93444,52.37857,17.60266
251220070,SOBIESZYN,4802,51.59327,22.16336
251220220,SOBIESZYN,94856,51.59327,22.16336
249190750,SOBLÓWKA,96595,49.43559,19.14308
251140060,SOBOLICE,94002,51.69136,15.8488
250160060,SOBÓTKA,95265,50.901746,16.741655
251170080,SOBÓTKA,94335,50.901746,16.741655
251170410,SOBÓTKA II,94354,50.901746,16.741655
252200170,SOCHACZEW,93618,52.230132,20.240507
253230080,SOCHONIE,92953,53.21337,23.1724
253239991,SOKOLE,92906,-14.4651,34.79441
251170250,SOKOŁOWICE,94313,50.16513,20.58323
251159991,SOKOŁOWIEC,94111,51.02984,15.82134
253230050,SOKÓŁKA,92921,53.408295,23.501577
251210180,SOLEC NAD WISLĄ,94708,51.136925,21.766458
249220150,SOLINA-JAWOR,6813,46.772085,7.634909
252210130,SOŁKI,93740,33.15833,74.43333
254170160,SOMINY,91305,54.03639,17.63961
252180170,SOMPOLNO,93425,52.337968,18.498737
249190430,SOPOTNIA WIELKA,96522,49.56853,19.28289
250199994,SOSNOWIEC,95524,50.28521,19.116386
250190580,SOSNOWIEC-JULIUSZ,95587,50.28521,19.116386
253220340,SOSNOWO,92853,53.70253,22.92739
250180390,SOŚNICOWICE,95428,50.281142,18.465317
252159991,SOWIA GÓRA,93144,52.70414,15.84535
250160580,SPALONA,95280,50.28508,16.52937
251200090,SPAŁA,94624,51.54061,20.13368
249190460,SPYTKOWICE GÓRNE,96583,50.04389,22.99222
250160350,SREBRNA GÓRA,95229,50.57604,16.65991
250220090,STALOWA WOLA,95829,50.570066,22.058688
250189989,STANICE,95423,49.460118,17.461851
249199968,STANISŁAW GÓRNY,96570,49.91155,19.62931
251160280,STANISŁAWÓW,94206,48.920507,24.71942
252210140,STANISŁAWÓW,93734,48.920507,24.71942
251150420,STANKOWICE,94168,51.0187,15.3149
250180470,STANOWICE,95415,51.57008,16.59875
251200240,STANOWISKA,94654,50.9762,19.92189
250219981,STANY,95729,39.355946,3.129117
250150080,STARA KAMIENICA,95124,50.916114,15.570824
250180370,STARA KUŹNIA,95431,50.30044,18.34177
251210230,STARACHOWICE,94705,51.039435,21.076059
251169991,STARE DRZEWCE,94242,51.7702,16.2202
253219992,STARE GUTY,92726,53.61154,21.91901
253209992,STARE MIASTO,92620,50.086451,14.421448
250180030,STARE OLESNO,5401,50.90357,18.36258
250170080,STARE SIOŁKOWICE,95344,50.8097,17.76921
251160040,STARE STRĄCZE,94246,51.848152,16.130119
253159995,STARGARD SZCZECIŃSKI,92114,53.342565,15.025211
253150010,STARNIN,92143,53.96908,15.45335
253180030,STAROGARD GDAŃSKI,92444,53.96396,18.52638
252180120,STARY BRZEŚĆ,93460,52.61837,18.9006
252189995,STARY BRZEŚĆ,3450,52.61837,18.9006
250229994,STARY DZIKÓW,95812,50.24699,22.92984
254230030,STARY FOLWARK,91902,54.08333,23.0
250210130,STASZÓW,5705,50.558823,21.169816
253209988,STAWIGUDA,92632,53.6572,20.40041
253220140,STAWISKI,92817,53.333161,22.147405
254190060,STEGNA,91521,54.288477,19.042086
253140050,STEPNICA,92022,48.03,18.42218
252160170,STĘSZEW,93223,52.284967,16.706703
250200180,STOPNICA,95626,50.453669,20.893467
252230050,STRABLA,93919,52.90134,23.11425
249190120,STRACONKA,96561,49.795547,19.116766
253190040,STRASZEWO,92538,53.15243,19.93504
251140050,STRASZÓW,94140,51.51718,15.01144
250160560,STRONIE ŚLĄSKIE,95210,50.298858,16.874201
249190150,STRÓŻA,96562,54.25,18.95
251160210,STRUPINA,94224,49.69396,14.20861
254179991,STRUSZEWO,91312,54.18072,17.36286
254190180,STRUŻYNA,91502,50.70418,17.18639
249199967,STRYSZÓW,96584,49.825248,19.626055
250160010,STRZEGOM,95271,50.965519,16.34845
252200020,STRZEGOWO,93651,52.916121,20.310016
252199998,STRZELCE,93516,52.876201,15.529042
252150060,STRZELCE KRAJEŃSKIE,93139,52.876201,15.529042
250180220,STRZELCE OPOLSKIE,95453,50.514738,18.289254
250170090,STRZELIN,95341,50.784735,17.07407
251199997,STRZELNA,4502,51.81446,19.92943
252180110,STRZELNO,93438,52.629834,18.172863
250209994,STRZESZKOWICE,95629,51.44249,20.36397
250240010,STRZYŻÓW,5927,49.868616,21.789613
250249999,STRZYŻÓW,95927,49.868616,21.789613
253209999,STUDNICA,92646,53.9823,20.65349
250189983,STUDZIENICE,95489,54.089695,17.596882
249220280,STUPOSIANY,6850,49.18813,22.68312
251150070,STYPUŁÓW,94149,51.70272,15.57413
249199971,SUCHA BESKIDZKA,96553,49.73979,19.593107
253239999,SUCHA RZECZKA,92933,53.88947,23.20072
253150160,SUCHAŃ,92113,48.31386,19.22216
251200250,SUCHEDNIÓW,94604,51.044428,20.831849
250219995,SUCHOWOLA,95735,50.13628,23.02124
253239986,SUCHOWOLA,92928,50.13628,23.02124
250180380,SUKOWICE,5407,50.268,18.17362
252150220,SULECHÓW,93105,52.086339,15.619599
351190469,SULEJÓW,469,51.354065,19.87753
252219990,SULEJÓWEK,93730,52.246594,21.300542
252159999,SULĘCIN,3103,52.442787,15.11766
254179990,SULĘCZYNO,91318,54.23302,17.7733
253159994,SULIBOREK,92115,53.29263,15.55369
251150290,SULIKÓW,94114,51.078461,15.062833
251199991,SULMIERZYCE,94510,51.604759,17.531523
251179996,SUŁÓW,94323,50.763055,22.939726
253230090,SUPRAŚL,92913,53.153502,23.301032
253230160,SUPRAŚL,2950,53.153502,23.301032
252220020,SURAŻ,93838,53.012667,32.400979
354220195,SUWAŁKI,195,54.063077,22.964111
251170220,SYCÓW,94316,51.307398,17.711656
253169994,SYPNIEWO,92216,52.99881,21.285131
253170160,SYPNIEWO,92322,52.99881,21.285131
251180070,SZADEK,94432,51.86724,18.25924
249200380,SZAFLARY,96612,49.426243,20.026581
250160840,SZALEJÓW GÓRNY,95286,50.42755,16.5485
253170230,SZAMOCIN,92301,52.39923,21.71109
252160110,SZAMOTUŁY-BABORÓWKO,3203,52.612117,16.586259
250200160,SZANIEC,95661,50.51976,20.68794
250209974,SZANIEC,5603,50.51976,20.68794
249220140,SZCZAWNE,96812,49.40204,22.14741
249209977,SZCZAWNICA,6620,49.42319,20.490772
250160130,SZCZAWNO-ZDRÓJ,5203,50.803969,16.254505
250229983,SZCZEBRZESZYN,95837,50.697266,22.979203
353140205,SZCZECIN,205,53.439846,14.54859
253140170,SZCZECIN-PODJUCHY,92052,53.439846,14.54859
253140210,SZCZECIN-POGODNO,92054,53.439846,14.54859
253149992,SZCZECIN-WARSZEWO,92018,53.439846,14.54859
353160215,SZCZECINEK,215,53.703725,16.704884
251220210,SZCZEKARKÓW,94855,51.24752,21.8664
250199990,SZCZEKOCINY,5502,50.620705,19.770923
250209991,SZCZEPANOWICE,95618,50.19535,20.11005
253200170,SZCZEPKOWO BOROWE,92613,53.3017,20.58117
251190130,SZCZERCÓW,94516,51.367835,19.135721
250210190,SZCZUCIN,95722,50.299841,21.140626
253220090,SZCZUCZYN,2803,53.6014,24.7465
254200120,SZCZURKOWO,91619,54.35879,20.89343
249180210,SZCZYRK,96547,49.714176,19.016739
253210130,SZCZYTNO,2702,53.563018,21.0003
251170040,SZELEJEWO,94340,51.86375,17.16113
252170070,SZELEJEWO,93344,51.86375,17.16113
252220030,SZEPIETOWO,3801,52.823832,22.581803
253210090,SZEROKI BÓR,92725,53.61756,21.64407
249210050,SZERZYNY,96732,49.807902,21.2443
250150150,SZKLARSKA PORĘBA,5103,50.826184,15.521107
254190140,SZOPY,91511,54.11849,19.3325
251159996,SZPROTAWA,4102,51.564385,15.529707
251169989,SZRENIAWA,94250,51.93167,16.06201
253239983,SZTABIN,92931,53.68181,23.09772
253209989,SZUĆ,92624,53.50589,20.73265
253230070,SZUDZIAŁOWO,92916,53.29862,23.65477
250180060,SZUMIRAD,95477,50.8433,18.24495
250239984,SZYCHOWICE,95920,50.68847,23.96798
250170150,SZYDŁOWIEC ŚLĄSKI,95335,51.225291,20.860236
250170180,SZYDŁÓW,95331,50.636784,20.965913
250210140,SZYDŁÓW,95737,50.636784,20.965913
249219989,SZYMBARK,96721,53.64732,19.48575
253210050,SZYMONKA,92737,53.89497,21.66221
249190160,SZYNDZIELNIA,96556,49.752457,18.999617
249219983,SZYNWAŁD,96742,53.76667,18.01667
250199980,ŚCIBORZYCE,95523,50.29515,19.90937
250170360,ŚCIBORZYCE MAŁE,95310,50.2691,17.77699
251160180,ŚCINAWA,94226,51.412716,16.423521
250179990,ŚCINAWA MAŁA,95320,50.42297,17.54655
249190220,ŚLEMIEŃ,96550,49.71826,19.36735
253180090,ŚLIWICE,2402,53.699272,18.126788
249190450,ŚMIETANOWA,96526,49.622716,19.589711
250219976,ŚMIŁÓW,95749,51.67202,18.0918
350150510,ŚNIEŻKA,510,50.335817,16.388254
252170270,ŚREM,93305,44.953228,19.92991
252179989,ŚREM,3308,44.953228,19.92991
252179997,ŚREM,93307,44.953228,19.92991
252179990,ŚREM-WÓJTOSTWO,3307,52.08297,17.019832
250189973,ŚWIBIE,95456,50.51179,18.53685
252210210,ŚWIDER,93771,52.121581,21.243195
252219993,ŚWIDER,3706,52.121581,21.243195
250169998,ŚWIDNICA,5202,50.843076,16.482852
249200160,ŚWIDNIK,96638,51.221858,22.698382
251150370,ŚWIECIE,94102,53.408669,18.438499
253189994,ŚWIECIE,92420,53.408669,18.438499
250150530,ŚWIERADÓW ZDRÓJ,5151,50.909778,15.338552
250150090,ŚWIERADÓW-ZDRÓJ,5101,50.909778,15.338552
250160730,ŚWIERKI,95285,54.12462,19.08173
250180270,ŚWIERKLANIEC,5404,50.438183,18.927125
251150360,ŚWIERZAWA,94105,51.008091,15.846948
250199999,ŚWIĘTA ANNA,95571,-20.5,47.46667
253210370,ŚWIĘTAJNO,2705,54.03892,22.33297
252160260,ŚWIĘTNO,93202,52.00942,16.047327
250210050,ŚWIĘTY KRZYŻ,5701,49.59029,20.806173
353140200,ŚWINOUJŚCIE,200,53.903951,14.259256
250180290,TACISZÓW,95442,50.37143,18.52883
251160250,TACZALIN,94211,51.15459,16.30577
251219995,TARŁÓW,94701,50.9899,21.728292
250220140,TARNOGRÓD,5804,50.327057,22.754013
250230080,TARNOSZYN,95910,50.42225,23.79158
251160060,TARNOWA ŁĄKA,94243,51.75753,16.62146
250160360,TARNÓW,5205,50.012341,20.985265
350200575,TARNÓW,575,50.012341,20.985265
254189994,TCZEW,1451,54.090462,18.785033
249220160,TELEŚNICA OSZWAROWA,96811,49.37477,22.54652
249220050,TEMESZÓW,96829,49.69162,22.21734
251200290,TEOFILÓW,94661,51.74161,21.61457
352230399,TERESPOL,399,52.076785,23.613995
249220210,TERKA,6812,-32.7,138.15
254180070,TĘPCZ,91426,54.50637,18.03873
253180250,TLEŃ,92453,53.61301,18.26488
254190070,TOLKMICKO,91520,54.296451,19.479234
254199998,TOLKMICKO,1502,54.296451,19.479234
253209995,TOMARYNY,92653,53.72647,20.21606
251150180,TOMASZÓW BOLESŁAWIECKI,4104,51.26181,15.68573
250230070,TOMASZÓW LUBELSKI,5902,50.444068,23.416586
253190250,TOMKOWO,92506,53.149319,19.204314
252220120,TONKIELE,93852,52.41587,22.56454
252199995,TOPOLA-BŁONIE,3508,45.269863,16.918869
253239992,TOPOLANY,92904,49.58512,17.17786
353180250,TORUŃ,250,53.027474,18.615426
250180240,TOSZEK,95450,50.478307,18.500087
251170370,TRĄBINEK,94352,51.998,17.09715
254180150,TRĄBKI WIELKIE,91409,54.17062,18.54003
252170370,TROJANOWO,93371,42.2,25.96667
253160180,TRZCIANKA,92201,53.041468,16.465022
252149999,TRZCIŃSKO-ZDRÓJ,3001,52.96756,14.607407
254150020,TRZEBIATÓW,91101,54.05946,15.277945
252159997,TRZEBIECHÓW,3105,52.024853,15.714473
251149997,TRZEBIEL,94004,51.635988,14.816218
253140040,TRZEBIEŻ,92051,53.654723,14.507774
253149999,TRZEBIEŻ,2002,53.654723,14.507774
251170210,TRZEBNICA,94314,51.309959,17.063542
251170060,TRZEBOWA,94339,51.81137,17.67151
253149991,TRZECHEL,92025,53.73233,14.9663
252170090,TRZEMESZNO,93336,52.561753,17.821558
249200570,TRZEMEŚNIA,96663,49.82029,20.016749
252230020,TRZEŚCIANKA,93950,52.93896,23.449
250190280,TRZYCIĄŻ,95529,50.30979,19.76715
252169999,TUCHOLA,93242,53.581126,17.868243
252169992,TUCHORZA STARA,93216,52.17067,16.04759
253170090,TUCHÓŁKA,92338,48.8788,23.28128
249210030,TUCHÓW,96738,49.857914,21.055963
251239996,TUCZNA,94919,51.883508,23.416316
252150010,TUCZNO,93143,52.97645,15.49287
253160150,TUCZNO,92207,52.97645,15.49287
253160220,TUCZNO TRZECIE,92258,52.97645,15.49287
252180240,TULISZKÓW,93404,52.065141,18.352013
250180090,TURAWA,95470,11.07953,8.06671
252180260,TUREK,93401,52.019,18.49872
252160250,TUREW,93208,52.05879,16.82817
250170440,TURKÓW,95302,50.01028,17.86566
250220040,TUROBIN,95842,52.93771,21.96473
253210160,TUROŚL,92721,53.01989,23.00348
253210140,TUROWO,92722,53.22906,20.49122
253140120,TURZE,92011,51.35178,17.94777
251150280,TWARDOCICE,94116,51.0977,15.77568
250189995,TWORÓG,95457,50.532612,18.716439
250180420,TWORÓG MAŁY,95492,50.25504,18.46524
253169985,TYCHÓWKO,92232,53.89218,16.06835
250180490,TYCHY,95417,50.113039,18.992468
249229997,TYCZYN,96848,49.963507,22.077538
253220210,TYKOCIN,92810,53.157392,22.7171
249219986,TYLAWA,96710,49.45943,21.69391
249210260,TYLICZ,96703,49.396033,21.023592
249209974,TYMBARK,96640,49.735561,20.30518
250199983,TYNIEC,95502,50.7115,20.17582
253210350,TYSZKI-WĄDOŁOWO,92756,53.44681,21.97911
254179995,UGOSZCZ,91311,53.04123,19.22991
251230060,UHNIN,94952,51.57427,23.03443
251239999,UHNIN,4901,51.57427,23.03443
250199988,UJAZD,95509,51.94399,19.06569
251179994,UJAZD,94328,51.94399,19.06569
250180280,UJAZD ŚLĄSKI,95441,51.94399,19.06569
253169988,UJŚCIE,92202,54.42662,19.74861
251180010,UNIEJÓW,94446,50.43243,19.945
250169997,UNIEMYŚL,95235,53.62564,14.50804
251210020,UNIN KOLONIA,94735,50.928344,7.002998
253180190,UNISŁAW,92411,51.77149,17.3689
250160240,UNISŁAW ŚLĄSKI,95245,50.71342,16.2414
250160890,UNISŁAW ŚLĄSKI II,95287,53.209591,18.381282
250180360,URBANOWICE,95430,50.11667,19.06667
354160115,USTKA,115,54.582532,16.864582
249189987,USTROŃ-CZANTORIA BARANOWA,96409,49.720508,18.810713
249189991,USTROŃ-RÓWNICA-SCHRONISKO,96411,49.720508,18.810713
249180180,USTROŃ-RÓWNICA-WIEŚ,96410,49.720508,18.810713
249209997,USZEW,96654,49.917473,20.604195
250209985,UŚCIE SOLNE,95608,50.11915,20.51439
253189999,UŚNICE,92450,53.95629,18.91542
253219997,WACH,92712,53.29229,21.34753
249190080,WADOWICE,96569,49.879744,19.497743
249199998,WADOWICE,6502,49.879744,19.497743
249209979,WAKSMUND,96616,49.482548,20.081009
249199970,WALASZKÓW,96554,49.78333,19.33333
252190160,WALEWICE,93506,52.33714,15.1766
250160270,WALIM,95244,50.700914,16.441559
250160160,WAŁBRZYCH,95255,50.763617,16.269241
250160210,WAŁBRZYCH II,95277,50.763617,16.269241
253169993,WAŁCZ,92209,53.278988,16.480563
353160225,WAŁCZ,225,53.278988,16.480563
252190130,WAŁY,93511,52.18333,19.41667
253200130,WAŁY,92619,52.18333,19.41667
252180150,WANDOWO,93427,53.67541,19.05702
249189995,WAPIENICA,96415,49.787094,18.980863
253209994,WAPLEWO,92622,53.59243,20.7587
252140040,WARNICE,93020,53.22122,15.00002
253149997,WARNOWO,92032,53.93073,14.54693
352200556,WARSZAWA,556,52.237695,21.005427
252219994,WARSZAWA KABATY,93711,52.237695,21.005427
252200240,WARSZAWA-BABICE,3612,52.237695,21.005427
252200150,WARSZAWA-BIELANY,3604,52.280697,20.960158
252200220,WARSZAWA-CZAJKA,93663,52.237695,21.005427
252210270,WARSZAWA-CZERNIAKOWSKA,93774,52.237695,21.005427
252200230,WARSZAWA-FILTRY,3611,52.237695,21.005427
252210150,WARSZAWA-KAWĘCZYN,93732,52.26771,21.12826
252210160,WARSZAWA-OBSERWATORIUM,3704,52.237695,21.005427
252210170,WARSZAWA-OBSERWATORIUM II,3708,52.237695,21.005427
352200375,WARSZAWA-OKĘCIE,375,52.237695,21.005427
249180020,WARSZOWICE,96432,49.98988,18.71349
251180060,WARTA,94433,7.2344,-9.39177
251180360,WARTA II,94454,51.709487,18.621023
253189993,WĄBRZEŹNO,92416,53.279477,18.949512
252210030,WĄSEWO,93762,52.59184,18.51248
250190080,WĄSOSZ,95583,50.73527,19.05062
251190170,WĄSOSZ GÓRNY,94503,51.0578,19.00875
254180050,WEJHEROWO,91429,54.650874,18.159783
250230030,WERBKOWICE,5901,50.750328,23.767506
252239997,WERCHLIŚ,93904,52.18961,23.28432
253239990,WEROBIE,92909,53.1029,23.80643
249220310,WETLINA,96802,49.14792,22.47734
251150170,WĘGLINIEC,94128,51.360325,15.153513
249200140,WĘGLÓWKA,96641,49.77762,21.77324
254210020,WĘGORZEWO,91709,54.211672,21.740447
250190450,WĘGRZCE,5507,50.11942,19.97268
250170060,WIĄZÓW,95345,50.769893,17.223865
254200110,WICHROWO,91601,54.025474,20.434746
251180130,WIDAWA,94422,51.18575,17.02091
253140140,WIDUCHOWA,92006,53.131923,14.386703
253160030,WIELANOWO,92231,53.86651,16.31535
253200140,WIELBARK,92618,53.409295,21.04136
253170180,WIELE,92315,53.27819,17.55953
252210240,WIELGOLAS,93703,52.2,21.4
252160230,WIELICHOWO,3206,52.103237,16.380706
250200310,WIELICZKA,5609,49.987509,20.05598
251200230,WIELKA WIEŚ,94607,50.149055,19.847715
250230140,WIELKIE OCZY,95901,50.04173,23.12789
249219984,WIELOPOLE SKRZYŃSKIE,96741,49.944259,21.607882
351180455,WIELUŃ,455,51.221154,18.5676
251160120,WIERZA (WIEWIERZ),94235,50.234999,22.456027
251219992,WIERZBICA,94711,50.87574,22.92615
253190140,WIERZBICA,92552,50.87574,22.92615
250179991,WIERZBIĘCICE,95319,50.42449,17.43316
252220010,WIERZBOWO,93839,53.17744,20.21656
252140050,WIERZCHLAS,93050,51.08333,20.95
253189995,WIERZCHLAS,92424,51.08333,20.95
251219993,WIERZCHOWISKA,94710,51.1542,21.52343
253160090,WIERZCHOWO,2202,53.00043,16.00107
253179988,WIERZCHUCIN KRÓLEWSKI,92318,53.30654,17.77901
254180020,WIERZCHUCINO,91436,54.786441,18.001236
249209985,WIERZCHY,96631,51.67447,20.44178
250180610,WIESZOWA,95494,50.384472,18.757201
253150090,WIEWIECKO,92123,53.514819,15.651846
252180050,WIĘCŁAWICE,93449,52.6291,19.42692
253229992,WIKTORZYN,92808,52.887631,23.079401
251190030,WILANÓW,94542,52.151814,21.105818
250210170,WILCZA WOLA,95724,51.3023,20.84191
251210030,WILGA,94734,51.854259,21.402157
254210060,WILKOWO,91751,45.40214,29.58595
252170230,WINNA GÓRA,93365,50.85072,16.79913
252200050,WINNICA,93641,49.225141,28.475104
251169999,WIŃSKO,4203,51.47032,16.6139
249180230,WISŁA,6404,49.647553,18.870049
249180040,WISŁA WIELKA,96428,49.95406,18.85298
249180250,WISŁA-GŁĘBCE,96407,49.647553,18.870049
249180540,WISŁA-JAWORNIK,96454,49.647553,18.870049
249180240,WISŁA-MALINKA,96408,49.647553,18.870049
249189988,WISŁA-PRZYSŁUP,96406,49.647553,18.870049
249189992,WISŁA-STOŻEK,96405,49.647553,18.870049
249210190,WISŁOCZEK,96752,49.50247,21.86794
249210270,WISŁOK WIELKI,96705,49.4122,21.97866
251230030,WISZNICE,94925,51.788339,23.208024
250209992,WIŚLICA,95621,50.343321,20.679654
252219987,WIŚNIEWO,93758,53.058395,20.299684
251170030,WITASZYCE,4301,51.939105,17.558133
252140080,WITNICA,93013,52.674914,14.897369
253179995,WITOSŁAW,92313,52.28778,15.5495
250170130,WITOSTOWICE,95334,50.68259,17.03851
249190630,WITÓW,96594,50.40119,16.32508
249199983,WITÓW,6520,50.40119,16.32508
253220190,WIZNA,92809,53.19518,22.38241
252180230,WŁADYSŁAWÓW,93407,52.116679,18.44943
251200220,WŁOCHÓW,94657,51.52231,14.91068
251209998,WŁOCHÓW,4604,51.52231,14.91068
251170310,WŁOCHY,94303,45.003229,11.083693
252199992,WŁOCŁAWEK,93530,52.654749,19.058959
351230497,WŁODAWA,497,51.549566,23.555343
250209993,WODZISŁAW,95628,50.519347,20.192204
250189982,WODZISŁAW ŚLĄSKI,95402,50.005901,18.462166
250150020,WOJCIESZÓW,95136,50.94561,15.924938
249200520,WOJKOWA,96701,49.34249,20.99678
250190570,WOJKOWICE,95586,50.36713,19.037602
249200040,WOJNICZ,96655,49.921607,20.801408
250170420,WOJNOWICE,95305,51.93883,16.71986
250189979,WOJNOWICE,95408,51.93883,16.71986
250239992,WOJSŁAWICE,95931,50.55961,24.19975
250209980,WOLA BATORSKA,95602,50.051148,20.267295
251229992,WOLA CHOMEJOWA,94833,51.78072,22.45491
249219994,WOLA KOMBORSKA,96730,49.73781,21.88763
251170380,WOLA KSIĄŻĘCA,4351,51.9595,17.59289
250219980,WOLA MIELECKA,95721,50.28771,21.37476
251220050,WOLA OKRZEJSKA,94850,51.74777,22.13306
250219989,WOLA WADOWSKA,95720,50.27321,21.18593
250190240,WOLBROM,95536,50.381135,19.763203
253140010,WOLIN,92028,53.844409,14.613494
254189997,WOLNY DWÓR,91404,35.068804,-78.946393
252169995,WOLSZTYN,93212,52.11104,16.11915
252210120,WOŁOMIN,93739,52.345596,21.244628
249220340,WOŁOSATE,96855,49.06582,22.68076
254229998,WOŁOWNIA-JELENIEWO,91852,54.20953,22.94068
251169994,WOŁÓW,94223,51.334046,16.638286
250199977,WOŹNIKI,95555,51.95248,19.11847
251200070,WÓLKA JAGIELCZYŃSKA,94631,51.67852,20.18298
252220180,WÓLKA KAMIENNA,93803,52.06864,22.52317
250239998,WÓLKA NIELISKA,95925,50.80445,23.09365
253209991,WROCIKOWO,2602,53.826332,20.671581
251179997,WROCŁAW-BISKUPIN,94304,51.097349,17.023978
251170280,WROCŁAW-OGRÓD BOTANICZNY,94305,51.097349,17.023978
251160260,WROCŁAW-STABŁOWICE,94213,51.097349,17.023978
251160340,WROCŁAW-STRACHOWICE,94255,51.097349,17.023978
351160424,WROCŁAW-STRACHOWICE,424,51.097349,17.023978
252160070,WRONKI,93243,52.7065,16.384431
249200990,WRONOWICE,96670,49.73691,20.59216
252209988,WRÓBLEWO,93637,52.55884,20.33562
252170180,WRZEŚNIA,93320,52.323082,17.566146
252220110,WRZOSKI,93820,52.49006,22.11058
254149999,WRZOSOWO,91001,54.11426,15.81722
253170070,WYCZECHY,92363,53.6902,17.03945
253179997,WYCZECHY,2301,53.6902,17.03945
251160130,WYDAWY,94231,51.55759,16.94616
250200070,WYMYSŁÓW,95657,52.21667,19.0
253170220,WYRZYSK,92309,53.154752,17.271682
252159992,WYSOKA,93137,51.04778,17.00504
253170190,WYSOKA,92312,51.04778,17.00504
249209984,WYSOKIE,96632,52.37091,23.37083
250220030,WYSOKIE,5801,52.37091,23.37083
249210230,WYSOWA,6707,49.442046,21.182491
250140010,WYSZKÓW,95131,52.597424,21.445523
252210080,WYSZKÓW,93751,52.597424,21.445523
251179992,WYSZOGRÓD,94350,50.587013,30.495633
253219993,ZABIELE WIELKIE,92704,53.07984,21.35596
253230140,ZABŁUDÓW,92903,52.943135,23.322106
249189990,ZABORZE,6402,50.308262,18.780525
252230170,ZABUŻE,93905,52.31058,23.04211
249229996,ZADĄBROWIE,6801,51.78333,18.6
251230160,ZAGRODA,94951,51.07883,23.3983
251150240,ZAGRODNO,94125,51.190511,15.86473
250220060,ZAKLIKÓW,95839,50.706272,22.063948
250220050,ZAKŁODZIE,95841,50.76612,22.86472
349190625,ZAKOPANE,625,49.295354,19.955066
252200110,ZAKROCZYM,93632,52.494521,20.609735
250220020,ZAKRZÓWEK,95849,50.941491,22.400708
249209982,ZALESIE,96627,52.051416,23.4091
252170010,ZALESIE,93362,52.051416,23.4091
253179985,ZAMARTE,92339,53.60202,17.48952
252190180,ZAMBRZYCA,93552,52.97842,19.63308
252230250,ZAMOSZE,93955,54.4634,27.9125
250230150,ZAMOŚĆ,95950,50.716117,23.255401
350230595,ZAMOŚĆ,595,50.716117,23.255401
252170250,ZANIEMYŚL,93309,52.15761,17.164292
253170060,ZAPĘDOWO,92345,53.70321,17.85089
253210260,ZARUZIE,92751,53.14234,21.80082
249229998,ZARZECZE,96846,49.988563,22.523978
250239986,ZARZECZE,95918,49.988563,22.523978
251149999,ZASIEKI,94012,51.731388,14.668437
252210070,ZATORY,93752,52.626363,21.191732
250210240,ZAWADA,5751,50.22666,19.64015
253220220,ZAWADY,92807,53.33922,20.61673
250180170,ZAWADZKIE,95463,50.608301,18.480761
250219998,ZAWICHOST,95748,50.834434,21.781601
250199996,ZAWIERCIE,95549,50.487123,19.429627
253219998,ZAWODZIE,2703,51.61239,19.68452
249190350,ZAWOJA,6513,49.582031,19.531631
249199988,ZAWOJA I,96538,49.582031,19.531631
249199976,ZAWOJA II,96535,49.582031,19.531631
249199965,ZAWOJA-PRZYSŁUP,96588,49.582031,19.531631
250190250,ZĄBKOWICE,5505,50.14988,19.64324
250190550,ZĄBKOWICE,95584,50.14988,19.64324
250169992,ZĄBKOWICE ŚLĄSKIE,95231,50.595136,16.815848
252150190,ZBĄSZYŃ,93112,52.253077,15.922884
253190180,ZBICZNO,92515,53.33405,19.37482
251180020,ZBIERSK,94444,51.9536,18.13132
249210130,ZBOISKA,96755,49.51172,22.11048
250189974,ZBROSŁAWICE,95446,50.417045,18.757005
249199964,ZBYDNIOWICE,96589,49.972438,19.95827
249209987,ZBYSZYCE,6606,49.70827,20.67009
250219977,ZDANÓW,95744,50.68818,23.22048
251189995,ZDUŃSKA WOLA,94427,51.601703,18.948595
251199984,ZELÓW,94520,51.464332,19.218804
250199978,ZENDEK,95548,50.496656,19.087094
252160130,ZĘBOWO,93236,54.44725,16.88679
251209985,ZGLINNA DUŻA,94637,51.85317,20.17583
251150250,ZGORZELEC,4106,51.147674,15.010363
351150405,ZGORZELEC,405,51.147674,15.010363
250160530,ZIELENIEC,95213,52.41852,19.31738
250170280,ZIELINA,95321,50.441,17.79408
250180210,ZIELONA,95458,50.10946,20.45534
351150400,ZIELONA GÓRA,400,51.938153,15.508006
252200160,ZIELONKI,93619,50.118958,19.924175
250170160,ZIĘBICE,95333,50.601374,17.039626
251180140,ZŁOCZEW,94421,51.393104,18.661226
252160120,ZŁOTNIKI,93237,50.33571,21.41081
251150390,ZŁOTNIKI LUBAŃSKIE,94167,51.01455,15.34128
251150270,ZŁOTORYJA,94121,51.121658,15.908619
250190090,ZŁOTY POTOK,95564,52.21642,15.3678
250160440,ZŁOTY STOK,95221,50.446312,16.824155
249190760,ZUBRZYCA DOLNA,96596,49.52688,19.67342
249190490,ZUBRZYCA GÓRNA,96518,49.56174,19.64973
254190170,ZWIERZNO,91504,54.03742,19.34126
250220110,ZWIERZYNIEC,95832,54.695925,25.249828
250229998,ZWOLAKI,95825,50.49793,22.32636
251210130,ZWOLEŃ,94717,48.569167,19.151985
250180450,ZWONOWICE,95419,50.14561,18.44222
251169995,ZYBISZÓW,4206,51.064252,16.911663
251160370,ŹRÓDŁA,94256,52.80458,19.44048
254220020,ŻABIN,91819,53.43286,16.08668
249190420,ŻABNICA,96520,49.58257,19.150619
252190040,ŻABOWO,93537,54.44725,16.88679
251150110,ŻAGAŃ,94144,51.616599,15.30697
253170250,ŻALNO,92366,53.61233,17.77204
252220130,ŻANECIN,93816,52.38796,22.25998
250190140,ŻARKI,95559,11.026365,7.70377
249210040,ŻARNOWA,96758,49.874,21.8201
249219996,ŻARNOWA,6701,49.874,21.8201
251199989,ŻARNOWICA,94521,51.46667,19.85
354180131,ŻARNOWIEC,131,54.78772,18.08504
254170010,ŻELAZNO,91344,50.37879,16.66725
252150170,ŻELECHÓW,93115,52.31478,15.34859
253140090,ŻELEWO,92016,54.62427,18.07199
254180040,ŻELISTRZEWO,91451,54.676848,18.417344
252170290,ŻERKÓW,93304,52.08691,17.615136
251160160,ŻMIGRÓD,94227,51.469384,16.906288
251230180,ŻMUDŹ,94901,51.01829,23.67588
252170040,ŻNIN,93354,52.848308,17.734181
250180560,ŻORY,95407,50.036512,18.688635
250170010,ŻÓRAWINA,95356,40.95397,-75.9977
249220240,ŻUBRACZE,96854,49.20964,22.26946
249229989,ŻUBRACZE,6851,49.20964,22.26946
252220090,ŻUROBICE,93853,52.52406,22.93146
253190270,ŻUROMIN,92504,53.065981,19.911906
252190120,ŻYCHLIN,93514,52.23684,19.627398
254220010,ŻYTKIEJMY,91820,54.35305,22.69449
249199975,ŻYWIEC,96597,49.682328,19.187007
249199992,ŻYWIEC,6509,49.682328,19.187007
